OBJECTID,TCE_NM_RIO,TCE_DS_CLASSE,SHAPE_Length
1,Rio São Mateus,3,0.0189283026742349
2,Canal de São Gonçalo,3,0.00112238040592182
3,Arroio da Mina,4,0.031301564657043
4,Arroio Jaguarão Chico,4,0.0179251210551728
5,Rio Jaguarão,4,0.00813431885597172
6,Rio Jaguarão,4,0.0187004545142056
7,Rio Jaguarão,4,0.0376766185971348
8,Rio Jaguarão,4,0.0623933998453433
9,Rio Jaguarão,4,0.00391290798312314
10,Rio Jaguarão,4,0.0518403883484244
11,Rio Jaguarão,4,0.0365690092124459
12,Rio Jaguarão,4,0.0424381134639722
13,Lagoa Mirim,3,0.0430551741025955
14,Rio Jaguarão,3,0.0569904519317239
15,Rio Jaguarão,3,0.0537192990445868
16,Rio Jaguarão,3,0.0198514478829061
17,Rio Jaguarão,3,0.0350143252022708
18,Lagoa Mirim,3,0.108672981636186
19,Rio Jaguarão,3,0.0859158498008198
20,Lagoa Mirim,3,0.0272940423367702
21,Rio Jaguarão,3,0.0105184142826288
22,Lagoa Mirim,3,0.0599729479616908
23,Lagoa Mirim,3,0.0294005124423597
24,Lagoa Mirim,3,0.0291746486285404
25,Lagoa Mirim,3,0.0359123654076665
26,Lagoa Mirim,3,0.0305560766339269
27,Rio Jaguarão,3,0.148331689703346
28,Lagoa Mirim,3,0.0383357430130636
29,Lagoa Mirim,3,0.112419195288843
30,Lagoa Mirim,3,0.0615407036147802
31,Lagoa Mirim,3,0.0211549712015988
32,Lagoa Mirim,3,0.02776754354371
33,Lagoa Mirim,3,0.0127341460049306
34,Lagoa Mirim,3,0.00957534351857134
35,Lagoa Mirim,3,0.0103562939450846
36,Lagoa Mirim,3,0.0389103371914901
37,Lagoa Mirim,3,0.0236827158451664
38,Lagoa Mirim,3,0.0328145026359474
39,Lagoa Mirim,3,0.0173936845556881
40,Arroio San Miguel,3,0.0110137488547976
41,Arroio San Miguel,3,0.143798480473232
42,Arroio Chuy,3,0.058974680477496
43,Arroyo Averias,3,0.0395156947060498
44,Arroio Chuy,3,0.0381002808605955
45,sem nome,999,0.00204969633293647
46,Rio Piranhas ou Açu,999,0.021054183933975
47,sem nome,5,0.0048447013666112
48,Rio Papocas,1,0.00345854705308683
49,Riacho Breião,999,0.00447034235563077
50,Rio Quaraí,3,0.0129457591497112
51,Rio Quaraí,3,0.00996555942667301
52,Rio Quaraí,3,0.0162544229636175
53,Rio Quaraí,3,0.0269312377766841
54,Rio Quaraí,3,0.0551287590681833
55,Rio Quaraí,3,0.0477813995804613
56,Rio Quaraí,3,0.0214285217698656
57,Rio Quaraí,3,0.0419329132936067
58,Rio Quaraí,3,0.0200020159866675
59,Rio Quaraí,3,0.0182230213017505
60,Rio Quaraí,3,0.0236655597300671
61,Rio Quaraí,3,0.0681923716599088
62,Rio Quaraí,3,0.0126854488370392
63,Rio Quaraí,3,0.00719223768697998
64,Rio Quaraí,3,0.00125769758111541
65,Rio Quaraí,3,0.0140436332366429
66,Rio Quaraí,3,0.0657004805973671
67,Rio Quaraí,3,0.0763203807654861
68,Rio Quaraí,4,0.00529396542084669
69,Rio Quaraí,4,0.0150951291287952
70,Rio Quaraí,4,0.022204381383493
71,Rio Quaraí,4,0.155018674616263
72,Rio Quaraí,4,0.00342351320598968
73,Rio Quaraí,4,0.00138943118028584
74,Arroio Moirões,4,0.0207806239094981
75,Arroio Moirões,4,0.00145829401695261
76,Arroio Invernada,4,0.111123644534513
77,Arroio Invernada,4,0.0375135493495592
78,Arroio São Luis,3,0.012813302967408
79,Arroio São Luis,3,0.0406963470775975
80,Arroio São Luis,5,0.126945963674607
81,Rio Maú ou Ireng,4,0.144997322542242
82,Rio Maú ou Ireng,4,0.00959238991082115
83,Rio Tacutu,4,0.0042967954953501
84,Rio Tacutu,4,0.0128985250608137
85,Rio Tacutu,4,0.130819335575547
86,Rio Tacutu,4,0.0418761360082817
87,Rio Tacutu,4,0.0839796090215636
88,Rio Tacutu,4,0.0725381009560724
89,Rio Tacutu,4,0.0251095060582756
90,Rio Tacutu,4,0.17583103769979
91,Lagoa Mirim,3,0.00840324444412109
92,Lagoa Mirim,3,0.0276310978685709
93,Lagoa Mirim,3,0.0637836234722921
94,Lagoa Mirim,3,0.0865235567119023
95,Lagoa Mirim,3,0.0348850674262103
96,Lagoa Mirim,3,0.0354047638542292
97,Lagoa Mirim,3,0.0356344108824365
98,Rio Jaguarão,4,0.0522392549545014
99,Lagoa Mirim,3,0.0227194370680888
100,Rio Jaguarão,4,0.0191991632385614
101,Lagoa Mirim,3,0.0276122649273632
102,Lagoa Mirim,3,0.012689266336042
103,Rio Jaguarão,3,0.0297072708717742
104,Rio Jaguarão,3,0.0117746506607285
105,Lagoa Mirim,3,0.0238032017912167
106,Lagoa Mirim,3,0.0291483976130411
107,Rio Jaguarão,3,0.0484086765261332
108,Lagoa Mirim,3,0.0240313778057159
109,Rio Jaguarão,3,0.0185214650580792
110,Lagoa Mirim,3,0.0159592813487709
111,Lagoa Mirim,3,0.0111827280081275
112,Rio Jaguarão,3,0.0326433514449685
113,Rio Jaguarão,3,0.0251539647190126
114,Rio Jaguarão,3,0.0716709353579527
115,Rio Jaguarão,3,0.015196082772129
116,Rio Jaguarão,3,0.0356954713918136
117,Rio Jaguarão,3,0.0446045711223934
118,Rio Jaguarão,3,0.00777554886669546
119,Rio Jaguarão,3,0.0473870148843828
120,Rio Jaguarão,3,0.0404718160104371
121,Lagoa Mirim,3,0.231319383873665
122,Rio Jaguarão,3,0.00976693930804333
123,Lagoa Mirim,3,0.0175476071999924
124,Rio Jaguarão,3,0.0541202330673561
125,Lagoa Mirim,3,0.0811922245202749
126,Rio Tacutu,4,0.0291409912247197
127,Rio Tacutu,4,0.0427876639732867
128,Rio Tacutu,4,0.0484085212861171
129,Rio Tacutu,4,0.124356284153195
130,Rio Tacutu,4,0.0194709485675379
131,Rio Tacutu,4,0.0584523414636316
132,Rio Tacutu,4,0.0559471671103363
133,Rio Tacutu,4,0.00545379553948657
134,Rio Tacutu,4,0.0880460455544052
135,Rio Tacutu,4,0.0876270362374943
136,Rio Tacutu,4,0.0909281131338219
137,Rio Tacutu,4,0.100347173365186
138,Rio Tacutu,4,0.00797709980747537
139,Rio Doce,2,0.0703185967157184
140,Rio Doce,2,0.0464459756270284
141,Rio Doce,2,0.051557747159643
142,Rio Doce,2,0.0122895870532021
143,Rio Doce,2,0.0301859799964219
144,Rio Doce,2,0.00357101741389991
145,Rio Doce,2,0.0434737528139644
146,Rio Doce,2,0.0307410542791489
147,Rio Doce,2,0.0029198641036019
148,Rio Doce,2,0.044198395084908
149,Rio Doce,2,0.0657087360184505
150,Rio Doce,2,0.00841015698448023
151,Rio Doce,2,0.0448511734262044
152,Rio Doce,2,0.0392796616736733
153,Rio Doce,2,0.00524817145414851
154,Rio Doce,2,0.0414561744108137
155,Lagoa Mirim,3,0.0364128928688141
156,Rio Cebollatí,3,0.095587797500264
157,Lagoa Mirim,3,0.0732101391264385
158,Lagoa Mirim,3,0.0519641197425833
159,Lagoa Mirim,3,0.046965969682375
160,Lagoa Mirim,3,0.017377889296767
161,Lagoa Mirim,3,0.0634313783975991
162,Lagoa Mirim,3,0.0145926176503753
163,Lagoa Mirim,3,0.0270640970452888
164,Lagoa Mirim,3,0.0115024288970382
165,Lagoa Mirim,3,0.0464087138715416
166,Rio Vaza-Barris,999,0.00932169295835434
167,Rio Real,999,0.134052978632198
168,Rio Jacaré,999,0.178053356980093
169,Rio Real,999,0.126259291786565
170,Rio Jacaré,999,0.0827901052541271
171,Rio Real,999,0.0582174968654405
172,Rio Jacaré,999,0.106398886359351
173,Rio Jacaré,999,0.0831989728824229
174,Rio Jacaré,999,0.0319622194910501
175,Rio Jacaré,999,0.0230314981245192
176,Rio Real,999,0.216640426170885
177,Rio Real,999,0.119377414438359
178,Rio Jacaré,999,0.0870663880884694
179,Rio Jacaré,999,0.00584374283026767
180,Rio Jacaré,999,0.00504334525128465
181,Rio Jacaré,999,0.0112113384924464
182,Rio Jacaré,999,0.019579511364661
183,Rio Jacaré,999,0.00939941399997224
184,Rio Real,999,0.0241308726595255
185,Rio Jacaré,999,0.0108908315255319
186,Rio Real,999,0.125862800031587
187,Rio Real,999,0.0204890660947926
188,Rio Real,999,0.13487838265469
189,Rio Real,999,0.0419852646898299
190,Rio Real,999,0.116808431635929
191,Rio Real,999,0.0298363871579609
192,Rio Real,999,0.169086074694472
193,Rio Real,999,0.122663899273881
194,Córrego Tingui,999,0.0507025801498475
195,Ribeirão da Ressaca,999,0.151702968572267
196,Córrego Tingui,999,0.0211787691105371
197,Córrego Tingui,999,0.0310512376907371
198,Córrego Tingui,999,0.0653007688858312
199,Córrego Tingui,999,0.0759452003156174
200,Rio Pardo,999,0.0405762839663302
201,sem nome,999,0.112979707113024
202,Ribeirão da Ressaca,999,0.550712562183867
203,Córrego do Mamoeiro,999,0.0218593715839552
204,Rio Pardo,999,0.0532499394748335
205,Rio Pardo,999,0.0750738183083498
206,Rio Pardo,999,0.0588006403003055
207,Rio Pardo,999,0.0372539084220242
208,Rio Pardo,999,0.0245882400596741
209,Rio Pardo,999,0.0433734860935996
210,Rio Pardo,999,0.0260116552022539
211,Rio Pardo,999,0.101033099868047
212,Rio Pardo,999,0.145137599965644
213,Rio Pardo,999,0.0148669581121846
214,Rio Mosquito,999,0.16673052197548
215,Rio Pardo,999,0.0551282719791054
216,Rio Pardo,999,0.0766049609878293
217,Rio Pardo,999,0.298104393914143
218,Rio Tacutu,4,0.128812921593846
219,Rio Tacutu,4,0.0230991237930722
220,Rio Tacutu,4,0.144261115551142
221,Rio Tacutu,4,0.00966740456856352
222,Rio Tacutu,4,0.135710397814536
223,Rio Tacutu,4,0.0420646791222782
224,Rio Tacutu,4,0.0192287014786261
225,Rio Tacutu,4,0.0362001763057867
226,Rio Tacutu,4,0.0568860876615629
227,Rio Tacutu,4,0.0886970056061306
228,Rio Tacutu,4,0.0334727072031794
229,Rio Tacutu,4,0.0413501014632015
230,Rio Vaza-Barris,999,0.164009836935764
231,Rio Vaza-Barris,999,0.0563485577614431
232,Rio Vaza-Barris,999,0.058364874882734
233,Rio Sergipe,999,0.0563214275599931
234,Rio Vaza-Barris,999,0.111561877780128
235,Rio Sergipe,999,0.0897438094581636
236,Rio Sergipe,999,0.0514132113620788
237,sem nome,999,0.0871760499635962
238,Rio Sergipe,999,0.100943055284423
239,Rio Vaza-Barris,999,0.123929534714163
240,Rio Sergipe,999,0.00956895643549018
241,Rio Sergipe,999,0.187579808625922
242,Rio Sergipe,999,0.0362003207688152
243,Rio Sergipe,999,0.0687120807860008
244,Rio Vaza-Barris,999,0.0598659934008735
245,Rio Vaza-Barris,999,0.0591617227897784
246,Rio Sergipe,999,0.0820685358183019
247,Rio Vaza-Barris,999,0.0805666928104236
248,Rio Sergipe,999,0.0510662081091438
249,Rio Vaza-Barris,999,0.0760060694706918
250,Rio Sergipe,999,0.0229068422898101
251,Rio Sergipe,999,0.0812332160988629
252,Riacho Catende,999,0.173000023605128
253,Rio Sergipe,999,0.100030580155771
254,Riacho Catende,999,0.0386192219542857
255,Riacho Catende,999,0.0080659386851867
256,Riacho Cansação,999,0.242919159728861
257,Rio Vaza-Barris,999,0.143817540129477
258,Riacho Catende,999,0.0224318323647219
259,Rio Baixa do Tubarão,999,0.156383638900368
260,Rio Sergipe,999,0.0729761538489368
261,Riacho Catende,999,0.0650846879621126
262,Rio Vaza-Barris,999,0.16141357921075
263,Rio Vaza-Barris,999,0.0283390264157004
264,Rio Vaza-Barris,999,0.0555956640682549
265,Rio Baixa do Tubarão,999,0.0782796428623043
266,Rio Vaza-Barris,999,0.0184098177660404
267,Rio Sergipe,999,0.0918795884913947
268,Rio Vaza-Barris,999,0.129481947703032
269,Rio Sergipe,999,0.0699224002276536
270,Rio Real,999,0.154362806211203
271,Rio Baixa do Tubarão,999,0.114381508903517
272,Rio Jacaré,999,0.117984068021217
273,Rio Baixa do Tubarão,999,0.0227002075090602
274,Rio Vaza-Barris,999,0.17531109039774
275,Rio Vaza-Barris,999,0.00570268120693396
276,Rio Vaza-Barris,999,0.0420740949030808
277,Rio Jacaré,999,0.0814141004903947
278,Rio Doce,2,0.0932017020292503
279,Rio Doce,2,0.0746596130251525
280,Rio Doce,2,0.0706208872984854
281,Rio Doce,2,0.0248460200661841
282,Rio Doce,2,0.0365357276029352
283,Rio Doce,2,0.0369490263545296
284,Rio Doce,2,0.0409628971009318
285,Rio Doce,2,0.0182207770229498
286,Rio Doce,2,0.0309966698069313
287,Rio Doce,2,0.0505614483248685
288,Rio Vaza-Barris,999,0.0316053916713786
289,Rio Vaza-Barris,999,0.11678908811164
290,Rio Vaza-Barris,999,0.0318366780091544
291,Rio Vaza-Barris,999,0.0349036793689315
292,Rio Vaza-Barris,999,0.0184077994101306
293,Rio Vaza-Barris,999,0.064934681586807
294,Rio Vaza-Barris,999,0.0255922750000524
295,Rio Vaza-Barris,999,0.098626291791252
296,Rio Vaza-Barris,999,0.0269804468777052
297,Rio Vaza-Barris,999,0.0288851403552973
298,Rio Vaza-Barris,999,0.148947349248068
299,Rio Vaza-Barris,999,0.2075393894576
300,Rio Vaza-Barris,999,0.0587090683719104
301,Rio Vaza-Barris,999,0.0553212554068183
302,Rio Vaza-Barris,999,0.0360524921430316
303,Rio Vaza-Barris,999,0.105154843032373
304,Rio Vaza-Barris,999,0.0851994419537748
305,Rio Vaza-Barris,999,0.00611152638646536
306,Rio Vaza-Barris,999,0.0665899749730493
307,Rio Vaza-Barris,999,0.0045364375259083
308,Rio Vaza-Barris,999,0.0118774229454508
309,Rio Vaza-Barris,999,0.0090801303540504
310,Rio Vaza-Barris,999,0.0789007650593421
311,Rio Vaza-Barris,999,0.0300608778403138
312,Rio Vaza-Barris,999,0.0195094110325418
313,Rio Vaza-Barris,999,0.0515104267445786
314,Rio Vaza-Barris,999,0.115723683396015
315,Rio Vaza-Barris,999,0.012634086333158
316,Rio Vaza-Barris,999,0.0660808638761092
317,Rio Vaza-Barris,999,0.0304903063712465
318,Rio Vaza-Barris,999,0.0393335919943054
319,Rio Pardo,999,0.0967377236775635
320,sem nome,999,0.238954552592363
321,Córrego Mangueira,999,0.0112941301512377
322,Córrego Mangueira,999,0.197320828966772
323,Córrego Mangueira,999,0.144123838387658
324,Rio Pardo,999,0.0522016306172154
325,Rio Pardo,999,0.00419629681744345
326,Corrego Baixa Velha,999,0.166275868592641
327,Córrego Mangueira,999,0.00463776190102008
328,Córrego Mangueira,999,0.11002049791012
329,sem nome,999,0.0821798619849539
330,Rio Pardo,999,0.0533853934774412
331,Rio Pardo,999,0.110173691543113
332,Ribeirão do Salitre,999,0.0842303954086536
333,Ribeirão do Salitre,999,0.0372402842045287
334,Ribeirão do Salitre,999,0.0761689560990414
335,Rio Pardo,999,0.0291672228838646
336,Rio Pardo,999,0.00989305658569183
337,Rio Pardo,999,0.118819485217919
338,Rio Pardo,999,0.0345424535543606
339,sem nome,999,0.080184846149677
340,Ribeirão do Salitre,999,0.0286334943168313
341,Rio Pardo,999,0.129441668916174
342,Rio Pardo,999,0.0527687778626523
343,Rio Pardo,999,0.143716107877548
344,Rio Pardo,999,0.061672055140426
345,Rio Pardo,999,0.0426225019516955
346,Rio Sergipe,999,0.118758756851339
347,Rio Jacaré,999,0.0779214193933209
348,Rio Caiçai,999,0.219582266872929
349,Rio Jacaré,999,0.0514029387887
350,Rio Jacaré,999,0.00333894628581591
351,Rio Vaza-Barris,999,0.0970930626901255
352,Rio Jacaré,999,0.0599869105502886
353,Rio Sergipe,999,0.184720873768641
354,Rio Vaza-Barris,999,0.127006884541751
355,Rio Real,999,0.21241039053135
356,Rio Baixa do Tubarão,999,0.20174629827066
357,Rio Vaza-Barris,999,0.0483014847538812
358,Rio Sergipe,999,0.0494863181349135
359,Rio Real,999,0.0589690474209288
360,Rio Sergipe,999,0.0332474061462214
361,Rio Vaza-Barris,999,0.0815237364083505
362,Rio Jacaré,999,0.154428343351348
363,Rio Sergipe,999,0.0291102209303326
364,Rio Sergipe,999,0.0117773055019305
365,Rio Jacaré,999,0.0196467606099136
366,Rio Real,999,0.0901701507168683
367,Rio Vaza-Barris,999,0.120188382414472
368,Rio Real,999,0.0411715729749912
369,Rio Jacaré,999,0.133479772515514
370,Rio Jacaré,999,0.010985791654766
371,Rio Sergipe,999,0.0915207186383565
372,Rio Jacaré,999,0.0536780227756597
373,Rio Real,999,0.0750913349295654
374,Rio Vaza-Barris,999,0.101561821466053
375,Rio Real,999,0.0277075519620297
376,Rio Vaza-Barris,999,0.0281445371264339
377,Rio Jacaré,999,0.0366881544989453
378,Rio Vaza-Barris,999,0.00766575372958905
379,Rio Jacaré,999,0.025542590281176
380,Rio Jacaré,999,0.0241450862259134
381,Rio Jacaré,999,0.0234560936592483
382,Rio Vaza-Barris,999,0.0581531126004705
383,Rio Vaza-Barris,999,0.00638947640532367
384,Rio Vaza-Barris,999,0.0293262785227048
385,Rio Vaza-Barris,999,0.00593537116589067
386,Rio Jequitinhonha,6,0.0244383040403657
387,Rio Jequitinhonha,6,0.094746363568465
388,Rio Jequitinhonha,6,0.0986021886340273
389,Rio Jequitinhonha,6,0.00809122906124141
390,Rio Jequitinhonha,6,0.114908155740115
391,Rio Jequitinhonha,6,0.122430685519888
392,Rio Jequitinhonha,6,0.0568620427354937
393,Rio Jequitinhonha,6,0.0267268499423973
394,Rio Jequitinhonha,6,0.0496328607491389
395,Rio Jequitinhonha,6,0.00320215917589302
396,Rio Jequitinhonha,6,0.0422462880664434
397,Rio Jequitinhonha,6,0.0787351421855681
398,Rio Jequitinhonha,6,0.0250331898252127
399,Rio Jequitinhonha,6,0.00779585279845601
400,Rio Jequitinhonha,6,0.0109526395950903
401,Rio Jequitinhonha,6,0.0726125650379491
402,Rio Jequitinhonha,6,0.034685623255757
403,Rio Jequitinhonha,6,0.00950397655414418
404,Rio Jequitinhonha,6,0.0430906373800119
405,Rio Jequitinhonha,6,0.0276419691682521
406,Rio Jequitinhonha,999,0.0796045319050309
407,Rio Jequitinhonha,999,0.0479787422058772
408,Rio Jequitinhonha,999,0.0263162803702317
409,Rio Jequitinhonha,999,0.0533293522851236
410,Rio Jequitinhonha,999,0.136700358296389
411,Rio Jequitinhonha,999,0.0783570371928824
412,Rio Jequitinhonha,999,0.0756154433803445
413,Rio Jequitinhonha,999,0.10807831717192
414,Rio Jequitinhonha,999,0.0358721610970573
415,Rio Jequitinhonha,999,0.0155885094868898
416,Rio Jequitinhonha,999,0.0507830282331303
417,Rio Jequitinhonha,999,0.044155661796425
418,Rio Jequitinhonha,999,0.110138226133602
419,Rio Jequitinhonha,999,0.0592706857094427
420,Rio Jequitinhonha,999,0.0130846243906625
421,Rio Jequitinhonha,999,0.125913181883562
422,Rio Jequitinhonha,999,0.0416693828970855
423,Rio Jequitinhonha,999,0.126126015331736
424,Rio Jequitinhonha,999,0.0506551944775405
425,Rio Jequitinhonha,999,0.0475035799490388
426,Rio Jequitinhonha,999,0.0437021438526248
427,Rio Jequitinhonha,999,0.0232840463754405
428,Rio Jequitinhonha,999,0.25296927309985
429,Rio Jequitinhonha,999,0.0233370096946693
430,Rio Jequitinhonha,999,0.0193026723174547
431,Rio Jequitinhonha,999,0.0260340393233594
432,Rio Jequitinhonha,999,0.0145492875153304
433,Rio Jequitinhonha,999,0.0833980300622922
434,Rio Jequitinhonha,999,0.00537998303085291
435,Rio Jequitinhonha,999,0.160993253355955
436,Rio Jequitinhonha,999,0.00871637877530271
437,Rio Jequitinhonha,999,0.078160469342955
438,Rio Jequitinhonha,999,0.0973243179095261
439,Rio Jequitinhonha,999,0.092488925998758
440,Rio Jequitinhonha,999,0.0291873417164821
441,Rio Jequitinhonha,999,0.0231844330329495
442,Rio Jequitinhonha,999,0.0445873226483633
443,Rio Jequitinhonha,999,0.049951487873282
444,Rio Jequitinhonha,999,0.0620533747148869
445,Rio Jequitinhonha,999,0.0246049515563904
446,Rio Jequitinhonha,999,0.0259061595536436
447,Rio Jequitinhonha,999,0.0200381902268879
448,Rio Jequitinhonha,999,0.0307200494771849
449,Rio Jequitinhonha,999,0.0867726156446605
450,Rio Jequitinhonha,999,0.0489745715572875
451,Rio Jequitinhonha,999,0.0739000519304043
452,Rio Jequitinhonha,999,0.0241523631793777
453,Rio Jequitinhonha,6,0.0237581379891313
454,Rio Jequitinhonha,6,0.0636365512002385
455,Córrego Tabocal,999,0.159666266103716
456,Rio Jequitinhonha,999,0.0416343357396162
457,Rio Jequitinhonha,999,0.0950596820873517
458,Rio Jequitinhonha,999,0.0100984175353195
459,Rio Jequitinhonha,6,0.0870740687362135
460,Rio Jequitinhonha,999,0.0400449301185266
461,Rio Jequitinhonha,999,0.00974438185590398
462,Rio Jequitinhonha,999,0.118279681183784
463,Rio Jequitinhonha,999,0.0333252083423753
464,Rio Jequitinhonha,999,0.01395009087401
465,Rio Jequitinhonha,999,0.0524871775728475
466,Rio Jequitinhonha,6,0.0614192610900504
467,Rio Jequitinhonha,6,0.0494812300186052
468,Rio Jequitinhonha,6,0.0214262047465262
469,Rio Jequitinhonha,6,0.132602641809654
470,Rio Jequitinhonha,6,0.0352956228465244
471,Rio Jequitinhonha,6,0.0623391939992747
472,Rio do Prado ou Jucurucu,999,0.498046031933058
473,Rio Jequitinhonha,6,0.0425151883404216
474,Rio Jequitinhonha,6,0.0244311816667104
475,Rio Jequitinhonha,6,0.0927061228460862
476,Rio Jequitinhonha,6,0.0512627276015302
477,Rio Jequitinhonha,6,0.0318831149191772
478,Rio Jequitinhonha,6,0.1726850441881
479,Rio Jequitinhonha,6,0.00839488816403181
480,Rio Jequitinhonha,6,0.00850184651770245
481,Rio Jequitinhonha,6,0.0197645741646778
482,Rio Jequitinhonha,6,0.0110485959398789
483,Rio Jequitinhonha,6,0.0227661673823674
484,Rio Jequitinhonha,6,0.0248283477250116
485,Rio Jequitinhonha,6,0.0165337007376992
486,Rio Jequitinhonha,6,0.0430481940554717
487,Rio Jequitinhonha,6,0.0699918408771993
488,Rio Jequitinhonha,6,0.0220215883532117
489,Rio Jequitinhonha,6,0.00559413756481371
490,Rio Jequitinhonha,6,0.0890932958808807
491,Rio Jequitinhonha,6,0.086993819497536
492,Rio Jequitinhonha,6,0.00459289599996282
493,sem nome,4,0.45231595310363
494,Córrego da Cruz,4,0.0459443886762134
495,Rio Cotaxé ou Braço Norte do Rio São Mateus,2,0.179837990971181
496,Córrego da Cruz,4,0.00859136022439987
497,Córrego da Cruz,4,0.0251631905989676
498,Rio Cotaxé ou Braço Norte do Rio São Mateus,2,0.0346558463775041
499,sem nome,4,0.18891770571822
500,Ribeirão São Jorge,2,0.259468409116516
501,Rio Cotaxé ou Braço Norte do Rio São Mateus,5,0.257494421892043
502,Rio Cotaxé ou Braço Norte do Rio São Mateus,5,0.184238569509204
503,Rio Cricaré ou Braço Sul do Rio São Mateus,2,0.0319017035361599
504,Córrego do Mamoeiro,999,0.0876571999215339
505,Rio Mosquito,999,0.0260105315720591
506,Rio Pardo,999,0.0240759132910819
507,Rio Pardo,999,0.148019943175362
508,Rio Pardo,999,0.0459534818099264
509,Rio Pardo,999,0.0891351132391472
510,Rio Pardo,999,0.0669478333879607
511,Córrego do Mamoeiro,999,0.106439255998635
512,Rio Mosquito,999,0.0618295540558451
513,Córrego do Mamoeiro,999,0.105722241290484
514,Rio Mosquito,999,0.0505499436831667
515,Rio Mosquito,999,0.00628401310538777
516,Rio Pardo,999,0.143773826649654
517,Rio Pardo,999,0.12116140585549
518,Rio Mosquito,999,0.134541603188965
519,Rio Mosquito,999,0.0393772246684554
520,Rio Mosquito,999,0.0858475740454935
521,Rio Mosquito,999,0.0214313326389122
522,Córrego Saltador,999,0.0149751567675975
523,Córrego do Salto,999,0.14320819781396
524,Córrego do Salto,999,0.0247693446172463
525,Córrego do Salto,999,0.0712729777391927
526,Córrego do Salto,999,0.064468614822026
527,Córrego Saltador,999,0.0451381909305018
528,Córrego Saltador,999,0.140073188563131
529,Córrego do Salto,999,0.141958860281224
530,Córrego do Salto,999,0.0575240792545864
531,Córrego do Salto,999,0.0447566639032521
532,Córrego do Salto,999,0.159180833543287
533,Córrego do Salto,999,0.00608813153108963
534,Rio Jequitinhonha,999,0.0470647113309077
535,Rio Jequitinhonha,999,0.0891387508784844
536,Rio Jequitinhonha,999,0.00709290304351931
537,Córrego do Salto,999,0.0761176371009107
538,Rio Jequitinhonha,999,0.0918294030940852
539,Rio Jequitinhonha,999,0.0626754794750872
540,Rio Jequitinhonha,999,0.0362146277409191
541,Rio Pardo,999,0.048750806942263
542,Rio Pardo,999,0.0208542054401909
543,Rio Pardo,999,0.0418035204664379
544,Rio Pardo,999,0.0473267523479589
545,Rio Pardo,999,0.0886163370191413
546,Córrego Baixa do Pau-ferro,999,0.0839602296267024
547,Rio Pardo,999,0.0248397468706499
548,Rio Pardo,999,0.0526968689290326
549,Córrego Baixa do Pau-ferro,999,0.00920069542605702
550,Ribeirão do Salitre,999,0.0831936316811862
551,Rio Pardo,999,0.0313132711446486
552,Córrego Baixa do Pau-ferro,999,0.0422432902596808
553,Rio Pardo,999,0.0481467640288596
554,Rio Pardo,999,0.0386439739153874
555,Rio Pardo,999,0.0567691148084185
556,Rio Pardo,999,0.13794687918311
557,Córrego Baixa do Pau-ferro,999,0.0555725600605173
558,Ribeirao do Pio,999,0.105638876110562
559,Rio Pardo,999,0.0690084823607572
560,Rio Pardo,999,0.0588647265194617
561,Rio Pardo,999,0.0193853250095878
562,Ribeirão do Salitre,999,0.149679647936397
563,Rio Pardo,999,0.0353768879662648
564,Rio Pardo,999,0.0224987436260429
565,Rio Pardo,999,0.0736965726615362
566,Rio Pardo,999,0.090014255889851
567,Rio Pardo,999,0.0591588164992511
568,Rio Pardo,999,0.100668922653224
569,Rio Pardo,999,0.0667868773863772
570,Rio Pardo,999,0.0730785502718789
571,Rio Pardo,999,0.163753810962782
572,Rio Pardo,999,0.0766571311488707
573,Rio Pardo,999,0.117570515040082
574,Rio Pardo,999,0.0413188110880893
575,Rio Pardo,999,0.0119650852308632
576,Rio Pardo,999,0.129396041472883
577,Rio Pardo,999,0.0689710350849526
578,Rio Pardo,999,0.0414329554776637
579,Rio Pardo,999,0.304933561290599
580,Rio Pardo,999,0.106310750624345
581,Rio Pardo,999,0.0662161384502817
582,Rio Jequitinhonha,6,0.0411055829770449
583,Rio Jequitinhonha,6,0.0246450675002181
584,Rio Jequitinhonha,6,0.116386019160956
585,Rio Jequitinhonha,6,0.094439228829262
586,Rio Jequitinhonha,6,0.0813902111708399
587,Rio Jequitinhonha,6,0.0673870536625455
588,Rio Jequitinhonha,6,0.0303971914142918
589,Rio Muriaé,2,0.177506013745263
590,Rio Pirapetinga,2,0.0559393286653994
591,Rio Muriaé,2,0.0306742350849896
592,Rio Pirapetinga,2,0.117925424028209
593,Rio Muriaé,2,0.0877931995751541
594,Rio Muriaé,2,0.0397326147894723
595,Rio Muriaé,2,0.0208949190963546
596,Rio Paraibuna,2,0.0713044697021092
597,Rio Paraibuna,2,0.0401596808115016
598,Rio Paraibuna,2,0.037962850131018
599,Rio Paraibuna,2,0.0657765182995443
600,Rio Mampituba,5,0.0254211675581011
601,Rio Mampituba,5,0.102247082859266
602,sem nome,5,0.116377832822384
603,Rio Mampituba,5,0.00706430437247867
604,sem nome,5,0.139467175615655
605,sem nome,5,0.00521110146260283
606,Rio Mampituba,3,0.183895927890487
607,sem nome,5,0.0315590848099833
608,Rio Mampituba,3,0.0434110057776443
609,sem nome,5,0.105261414926108
610,Rio Mampituba,3,0.0692965154054846
611,Rio Mampituba,5,0.134920634515846
612,sem nome,5,0.239951712461353
613,Arroio Seival,4,0.166071017536001
614,Arroio Seival,4,0.0628476614011046
615,Arroio Candiota,4,0.120930221251818
616,Arroio Candiota,4,0.143166372533486
617,Arroio Candiota,4,0.0441049354395525
618,Arroio Candiota,4,0.0764398292636383
619,Arroio Minuano,4,0.014195678909785
620,Canal de São Gonçalo,3,0.0746674098073623
621,Canal de São Gonçalo,3,0.0605558850920461
622,Canal de São Gonçalo,3,0.0158801580005391
623,Arroio Candiota,4,0.0840752460166829
624,Arroio Minuano,4,0.117341759638104
625,Arroio Candiota,4,0.125591850472783
626,Canal de São Gonçalo,3,0.0908344810792393
627,Arroio da Mina,4,0.113192523718815
628,Rio Jaguarão,4,0.112062563925293
629,Arroio Jaguarão Chico,4,0.144116145529309
630,Canal de São Gonçalo,3,0.115622841131467
631,Canal de São Gonçalo,3,0.012363204423906
632,Rio Jaguarão,4,0.0956631344328539
633,Canal de São Gonçalo,3,0.0531226969178745
634,Canal de São Gonçalo,3,0.00698508726380189
635,Rio Jaguarão,4,0.0157533103538271
636,Rio Jaguarão,4,0.00023928681505695
637,Canal de São Gonçalo,3,0.0623349111505808
638,Canal de São Gonçalo,3,0.0131767151948056
639,Rio Jaguarão,4,0.0024476084635644
640,Canal de São Gonçalo,3,0.0821699436756458
641,Canal de São Gonçalo,3,0.0636075144742193
642,Rio Jaguarão,4,0.00547284260609923
643,Canal de São Gonçalo,3,0.0632072191393396
644,sem nome,4,0.256603767281905
645,Rio Cricaré ou Braço Sul do Rio São Mateus,2,0.0835027460770497
646,Rio Cricaré ou Braço Sul do Rio São Mateus,4,0.134316393582583
647,Rio Cotaxé ou Braço Norte do Rio São Mateus,5,0.250961653515998
648,Rio Cricaré ou Braço Sul do Rio São Mateus,4,0.0143627862143185
649,Ribeirão Mantena,2,0.0608787809278984
650,Rio Cricaré ou Braço Sul do Rio São Mateus,4,0.0464048375079545
651,sem nome,4,0.0369291784286739
652,Rio Cricaré ou Braço Sul do Rio São Mateus,4,0.09871724103264
653,Rio São Mateus,3,0.0041834795509968
654,Rio Cotaxé ou Braço Norte do Rio São Mateus,5,0.066592466628809
655,Rio Cricaré ou Braço Sul do Rio São Mateus,4,0.123594780831076
656,Rio Cricaré ou Braço Sul do Rio São Mateus,4,0.0256799730429446
657,Rio Cricaré ou Braço Sul do Rio São Mateus,3,0.223050120597139
658,Rio Cricaré ou Braço Sul do Rio São Mateus,3,0.235957703127746
659,Rio São Mateus,3,0.164326835410193
660,Rio São Mateus,3,0.0991788651227029
661,Rio Cricaré ou Braço Sul do Rio São Mateus,3,0.284210620879446
662,Rio Cricaré ou Braço Sul do Rio São Mateus,3,0.120991048100891
663,Rio São Mateus,3,0.155714821582764
664,Rio São Mateus,3,0.0171035832237382
665,Rio São Mateus,3,0.155789555639929
666,Rio São Mateus,3,0.0247500294434042
667,sem nome,6,0.193324438739478
668,sem nome,6,0.0578142470205953
669,Rio Preto,6,0.0900513613266998
670,sem nome,6,0.130828116073371
671,Rio São João,6,0.0276209721229392
672,Rio São João,6,0.0441444839117748
673,Rio Preto,6,0.21383255884552
674,Rio Jequitinhonha,6,0.0628406041421115
675,Rio Jequitinhonha,6,0.0835993340772812
676,Rio Jequitinhonha,6,0.0273902907020396
677,Rio Jequitinhonha,6,0.02314712086645
678,Rio Jequitinhonha,6,0.0127238527425544
679,Rio Jequitinhonha,6,0.0151248100665202
680,Rio Jequitinhonha,6,0.137153892047171
681,Rio Jequitinhonha,6,0.025210509345328
682,Rio Jequitinhonha,6,0.0218897894104592
683,Rio Jequitinhonha,6,0.030635527524561
684,Rio Jequitinhonha,6,0.176068545884071
685,Rio Jequitinhonha,6,0.0032971324556627
686,Rio Jequitinhonha,6,0.0364712884160914
687,Rio Cotaxé ou Braço Norte do Rio São Mateus,2,0.0290033536117785
688,Rio Jequitinhonha,6,0.0258991839886968
689,Rio Cotaxé ou Braço Norte do Rio São Mateus,2,0.0373817377903915
690,Rio Cotaxé ou Braço Norte do Rio São Mateus,2,0.198358177916453
691,Rio Jequitinhonha,6,0.0317595807414968
692,Rio Cotaxé ou Braço Norte do Rio São Mateus,2,0.026118139081819
693,Rio Cotaxé ou Braço Norte do Rio São Mateus,2,0.0547667418160329
694,Rio Jequitinhonha,6,0.0558530849544525
695,Rio Cotaxé ou Braço Norte do Rio São Mateus,2,0.203914317798809
696,Rio Cotaxé ou Braço Norte do Rio São Mateus,2,0.148556187436648
697,Ribeirão do Cibrão,2,0.144595369372503
698,Rio Jequitinhonha,6,0.0611538952256628
699,Ribeirão do Cibrão,2,0.0805993784899557
700,Ribeirão São Jorge,2,0.015352986167022
701,Rio Jequitinhonha,6,0.0337871433279784
702,Rio Cotaxé ou Braço Norte do Rio São Mateus,2,0.0680846984088175
703,Rio Jequitinhonha,6,0.0364566602753573
704,Rio Jequitinhonha,6,0.00850808004937363
705,sem nome,4,0.306342960998053
706,Córrego da Cruz,4,0.150590303102248
707,sem nome,4,0.241431622513284
708,Ribeirão São Jorge,2,0.101675890874245
709,Rio Jequitinhonha,6,0.0731341800892424
710,Rio Paraibuna,2,0.04357623167778
711,Rio Paraibuna,2,0.109734058094502
712,Rio Paraibuna,2,0.103638672475139
713,Rio Paraíba do Sul,2,0.0450248538758875
714,Rio Paraíba do Sul,2,0.106893822413471
715,Rio Paraíba do Sul,2,0.0820906058699954
716,Rio Paraíba do Sul,2,0.033522481915424
717,Rio Paraíba do Sul,2,0.114574400090427
718,Rio Piraí,2,0.0649464112256187
719,Rio Paraíba do Sul,2,0.0884160197385829
720,Rio Paraíba do Sul,2,0.0344477865611594
721,Rio Paraíba do Sul,2,0.0152527120434886
722,Rio Paraíba do Sul,2,0.0640478270009922
723,Rio Piraí,2,0.158771637470824
724,Rio Paraíba do Sul,2,0.066731200992805
725,sem nome,4,0.256496515572158
726,sem nome,4,0.188751993779765
727,Rio Paraíba do Sul,2,0.0432493947666351
728,Rio Paraíba do Sul,2,0.0522607263717183
729,Rio Piraí,2,0.250094277690418
730,Rio Paraíba do Sul,2,0.0610207826454791
731,Rio Paraíba do Sul,2,0.00336506080191816
732,Rio Paraíba do Sul,2,0.0379102163203802
733,Rio Piraí,2,0.153241836774807
734,Rio Paraíba do Sul,2,0.105946678555841
735,Rio São João,6,0.098533587253318
736,Rio Preto,6,0.0801524957886079
737,Rio São João,6,0.0108598332502423
738,Rio Carangola,2,0.113154115912708
739,Rio Carangola,2,0.0311659525605679
740,Rio Carangola,2,0.00564379041112297
741,Rio Itabapoana,6,0.108094149020759
742,Rio Itabapoana,6,0.0333705230462237
743,Rio Itabapoana,6,0.0659030527582645
744,Rio Carangola,2,0.0741088732110315
745,Rio Itabapoana,6,0.0371482306967757
746,Rio Carangola,2,0.0980315017470648
747,Rio Carangola,2,0.061838991422406
748,Rio Itabapoana,6,0.167788057857602
749,Rio Carangola,2,0.0627556061462562
750,Rio Carangola,2,0.0519597023428108
751,Rio Carangola,2,0.0327081179595773
752,Rio Muriaé,2,0.061062033776454
753,Rio Muriaé,2,0.0357071071786842
754,Rio Muriaé,2,0.0267005053295312
755,Rio Carangola,2,0.10324709406921
756,Rio Muriaé,2,0.0361865436486817
757,Rio Muriaé,2,0.0569044117753131
758,Rio Carangola,2,0.0382253690843597
759,Rio Muriaé,2,0.154542843034167
760,Rio Muriaé,2,0.0374542700876851
761,Rio Muriaé,2,0.114313943083845
762,Rio Muriaé,2,0.126677708893963
763,Rio Carangola,2,0.0638009886294558
764,Rio Muriaé,2,0.0132861417096129
765,Rio Muriaé,2,0.0329675184719621
766,Rio Muriaé,2,0.023866242980428
767,Rio Muriaé,2,0.0429332494143593
768,Rio Muriaé,2,0.00237150336821316
769,Rio Muriaé,2,0.0861676806417103
770,Rio Muriaé,2,0.00461029191686636
771,Rio Muriaé,2,0.0137455853877407
772,Rio Pomba,4,0.0890741636446088
773,Rio Muriaé,2,0.054651139329007
774,Rio Pomba,4,0.0570942764190622
775,Rio Muriaé,2,0.0510781863301124
776,Rio Pomba,4,0.0413321024949547
777,Rio Pomba,4,0.0269245161837107
778,Rio Muriaé,2,0.0463253983149809
779,Rio Pomba,4,0.0671964316834443
780,Rio Muriaé,2,0.00816235343657875
781,Rio Pomba,4,0.027444401524476
782,Rio Pomba,4,0.052082538026732
783,Rio Pomba,4,0.0852218240865386
784,Rio Pomba,4,0.0408584615848162
785,Rio Pomba,4,0.0556279010499579
786,Rio Pomba,4,0.0924036187746912
787,Rio Pomba,4,0.0380625871845115
788,Rio Pomba,4,0.0320030138394303
789,Rio Pomba,4,0.0162498530077102
790,Rio Muriaé,2,0.108798405048775
791,Rio Pomba,4,0.0950289771111685
792,Rio Pomba,4,0.0144930789140941
793,Rio Muriaé,2,0.0362540437709434
794,Rio Muriaé,2,0.0147621871290838
795,Rio Muriaé,2,0.0184270073414722
796,Rio Pomba,4,0.0636500730592766
797,Rio Pomba,4,0.001973529699958
798,Rio Muriaé,2,0.0339044740507119
799,Rio Muriaé,2,0.0751072778659491
800,Rio Muriaé,2,0.0275336207470963
801,Rio Pomba,4,0.0851798159896291
802,Rio Pomba,4,0.0639140657737014
803,Rio Pomba,4,0.0160381828884574
804,Rio Pomba,4,0.0627304619097601
805,Riacho Boqueirão,4,0.163733538804967
806,sem nome,999,0.0771049469138399
807,sem nome,999,0.0284065504979387
808,sem nome,999,0.146683688552469
809,sem nome,999,0.0688624620607185
810,sem nome,999,0.0299646000818405
811,sem nome,999,0.135083013162781
812,sem nome,999,0.0530296604798653
813,sem nome,999,0.0571922964550849
814,sem nome,999,0.0848124517808001
815,sem nome,999,0.0831517495005488
816,sem nome,999,0.0568231008390743
817,sem nome,999,0.13620488372936
818,sem nome,999,0.138916844764646
819,sem nome,999,0.0392117212957619
820,sem nome,999,0.133924846541676
821,sem nome,999,0.071604759576534
822,Rio Piranhas ou Açu,999,0.278348141967669
823,Rio Piranhas ou Açu,999,0.0297748271761431
824,Rio Piranhas ou Açu,999,0.00867858652808024
825,Rio Piranhas ou Açu,999,0.159506854800871
826,Rio Piranhas ou Açu,999,0.0498702737448507
827,Rio Piranhas ou Açu,999,0.125547026615032
828,Rio Piranhas ou Açu,999,0.0693502450909087
829,Rio Piranhas ou Açu,999,0.0218220945331788
830,Rio Piranhas ou Açu,999,0.0802303968943486
831,Rio Piranhas ou Açu,999,0.00913709083949958
832,Rio Piranhas ou Açu,999,0.0445894151706533
833,Rio Piranhas ou Açu,999,0.0465656922986411
834,Rio Piranhas ou Açu,999,0.0273828820944512
835,Rio Piranhas ou Açu,999,0.0899340477047869
836,Rio Piranhas ou Açu,999,0.00159347097956386
837,Rio Piranhas ou Açu,999,0.0113333812140147
838,Rio Piranhas ou Açu,999,0.0333665855265176
839,Rio Piranhas ou Açu,999,0.0247599675885454
840,Rio Piranhas ou Açu,999,0.0252737116694067
841,Rio Piranhas ou Açu,999,0.0117977958814012
842,Rio Piranhas ou Açu,999,0.0101145575066188
843,Rio Piranhas ou Açu,999,0.0245495136542733
844,Rio Piranhas ou Açu,999,0.0275209459307039
845,Rio Piranhas ou Açu,999,0.0282896734966784
846,sem nome,999,0.0428950395590952
847,sem nome,999,0.0700373712387159
848,sem nome,999,0.0336864196990694
849,sem nome,999,0.0897881766175806
850,Rio Piranhas ou Açu,999,0.0367322027933339
851,Rio Piranhas ou Açu,999,0.0219309527816073
852,sem nome,999,0.0560930212960578
853,Rio Piranhas ou Açu,999,0.0172366787475653
854,sem nome,999,0.0672792725995179
855,sem nome,999,0.0343977818113136
856,sem nome,999,0.0316080300578803
857,sem nome,999,0.015736556644005
858,sem nome,999,0.0544920570303795
859,sem nome,999,0.0484089015957967
860,Rio Baião,999,0.0097108506856717
861,Rio Baião,999,0.15084353315766
862,sem nome,999,0.0820874400764197
863,sem nome,999,0.0417654110027874
864,sem nome,999,0.0713272616777662
865,sem nome,999,0.00329837765504666
866,sem nome,999,0.0681420881972048
867,Rio Piranhas ou Açu,999,0.0415459322804426
868,sem nome,999,0.0142390928406997
869,Rio Seridó,999,0.0310016168739769
870,Rio Piranhas ou Açu,999,0.0216206337229427
871,Rio Salgado,999,0.0274170152543486
872,Rio Piranhas ou Açu,999,0.00962602556952463
873,sem nome,999,0.016930107001589
874,sem nome,999,0.0506876909955196
875,Rio Piranhas ou Açu,999,0.0221294509218438
876,sem nome,999,0.0462112846799621
877,Rio Salgado,999,0.0303216974450681
878,Rio Piranhas ou Açu,999,0.0241740200771292
879,sem nome,999,0.0290931264690257
880,sem nome,999,0.00227222139828488
881,sem nome,999,0.016141572476595
882,sem nome,999,0.00686109643259177
883,Rio Seridó,999,0.0421357249803358
884,Rio Jacu,999,0.0407873776319148
885,Rio Piranhas ou Açu,999,0.0327181835997425
886,Rio Sabuji,999,0.0413980120249807
887,sem nome,999,0.0255493577056623
888,sem nome,999,0.00523678526797267
889,Rio Jacu,999,0.0589163618674679
890,sem nome,999,0.00714864072629754
891,sem nome,999,0.0375968030180688
892,sem nome,999,0.0439693381839074
893,Rio Seridó,999,0.0690758383307036
894,sem nome,999,0.03812750715339
895,Rio Sabuji,999,0.0344902979836173
896,Rio Chafariz,999,0.0371130211995085
897,Rio Jacu,999,0.0485417633654031
898,sem nome,999,0.0308929257897911
899,sem nome,999,0.0122439145401943
900,Rio Sabuji,999,0.0118756703196002
901,Rio Piranhas ou Açu,999,0.0620913195255077
902,Rio Piranhas ou Açu,999,0.00448194173972999
903,sem nome,999,0.0244941865184515
904,Rio Jacu,999,0.0626247669416984
905,Rio Seridó,999,0.0375351590381783
906,Rio Piranhas ou Açu,999,0.0145598462898505
907,sem nome,999,0.0626285142711281
908,sem nome,999,0.0481132011797172
909,Rio Salgado,999,0.0689911204105212
910,Rio Piranhas ou Açu,999,0.0326481583930362
911,sem nome,999,0.0384745955325191
912,Rio Jacu,999,0.28045803092255
913,Rio Piranhas ou Açu,999,0.0174339899291515
914,Rio Piranhas ou Açu,999,0.00738643006580749
915,Rio Seridó,999,0.0325153466995398
916,Rio Salgado,999,0.0233238418039825
917,Rio Espinhares,999,0.121726237697596
918,sem nome,999,0.0338797130622484
919,Rio Sabuji,999,0.0387817076812332
920,sem nome,999,0.0719818678623523
921,sem nome,999,0.0325816258680224
922,Rio Salgado,999,0.0590418686230347
923,Rio Seridó,999,0.041280852058504
924,Rio Seridó,999,0.0139415566315583
925,Rio Salgado,999,0.0327558114375091
926,Riacho Escuro,999,0.0878701913829138
927,Rio Piranhas ou Açu,999,0.073694935957955
928,Rio Piranhas ou Açu,999,0.0034128365034852
929,sem nome,999,0.0576523760246447
930,sem nome,999,0.054766519089683
931,Riacho Escuro,999,0.012928119383399
932,Riacho Escuro,999,0.0492548895085257
933,Riacho Escuro,999,0.0308659344562219
934,sem nome,999,0.0226682981852188
935,Rio Piranhas ou Açu,999,0.0434655496485297
936,Rio Piranhas ou Açu,999,0.0028196196355439
937,Riacho Escuro,999,0.0162600301462889
938,Rio Piranhas ou Açu,999,0.0250468457082324
939,sem nome,999,0.0915530746950104
940,Canal de São Gonçalo,3,0.0134330578873823
941,Lagoa Mirim,3,0.00555263870763335
942,Rio Jaguarão,4,0.00262915247311685
943,Rio Jaguarão,3,0.00418095247366051
944,Rio Jaguarão,3,0.0359921795888929
945,Rio Jaguarão,3,6.3702441696871e-05
946,Rio Jaguarão,3,0.0050792151392417
947,Rio Jaguarão,3,0.0194078691315162
948,Rio Paraíba do Sul,2,0.0481657673895793
949,Rio Paraíba do Sul,2,0.0775906689743338
950,Rio Paraíba do Sul,2,0.0440615329738072
951,Rio Paraíba do Sul,2,0.0420101805674226
952,Rio Paraíba do Sul,2,0.11961223343411
953,Rio Paraíba do Sul,2,0.0932676953355577
954,Rio Paraíba do Sul,2,0.0188854720591341
955,Rio Paraíba do Sul,2,0.152032336571044
956,Rio Paraíba do Sul,2,0.0178652594758133
957,Rio Paraíba do Sul,2,0.0814368757181595
958,Rio Paraíba do Sul,2,0.0437416777655315
959,Rio Paraíba do Sul,2,0.0263232406075564
960,Rio Paraíba do Sul,2,0.025141358398783
961,Rio Paraíba do Sul,2,0.0454074442770667
962,Rio Paraíba do Sul,2,0.0101091815986679
963,Rio Paraíba do Sul,2,0.0282874413390079
964,Rio Paraíba do Sul,2,0.00890621454096245
965,Rio Paraíba do Sul,2,0.0228614148091907
966,Rio Paraíba do Sul,2,0.140775316981993
967,Rio Paraíba do Sul,2,0.0216570355834912
968,Rio Paraíba do Sul,2,0.0215892595055292
969,Rio Paraíba do Sul,2,0.016145568906177
970,Rio Paraíba do Sul,2,0.0228254980308367
971,Rio Paraíba do Sul,2,0.0293896301938351
972,Rio Paraíba do Sul,2,0.0347621443797522
973,Rio Paraíba do Sul,2,0.0454923731505492
974,Rio Paraíba do Sul,2,0.0227314476714152
975,Rio Capivari,5,0.161576136590119
976,Rio Capivari,5,0.0358895354226388
977,Rio Capivari,5,0.335682603071437
978,Rio Capivari,5,0.0747903933081352
979,Rio Capivari,5,0.010665045490315
980,Rio Mampituba,5,0.0223831504889492
981,Rio Mampituba,5,0.0740715322119277
982,Rio Mampituba,5,0.000925997868344793
983,Rio Mampituba,5,0.095988098652541
984,Rio Mampituba,5,0.0211210012307793
985,sem nome,5,0.219537538819649
986,sem nome,999,0.0907292953052884
987,Riacho Tapera,999,0.013032755598407
988,Riacho Tapera,999,0.0168769084169279
989,sem nome,999,0.0919679406256373
990,sem nome,999,0.010695157159018
991,sem nome,999,0.00759679926143808
992,Rio Piranhas ou Açu,999,0.0371941708973394
993,sem nome,999,0.0211682080336881
994,Rio Piranhas ou Açu,999,0.0123341379749563
995,Rio Baião,999,0.039939236611858
996,Rio Baião,999,0.00222372741982668
997,Rio Baião,999,0.0314983513715831
998,sem nome,999,0.0862829889362279
999,Rio Baião,999,0.0146346631953545
1000,Rio Piranhas ou Açu,999,0.010164664465405
1001,Rio Salgado,999,0.0861895517187019
1002,sem nome,999,0.141234975198769
1003,sem nome,999,0.00196042904045398
1004,Rio Salgado,999,0.0288428082099696
1005,Rio Baião,999,0.0323769476956582
1006,Rio Piranhas ou Açu,999,0.038883075378048
1007,Rio Piranhas ou Açu,999,0.0234448555117691
1008,sem nome,999,0.0749902711532598
1009,Rio Piranhas ou Açu,999,0.0136370360730564
1010,Rio Piranhas ou Açu,999,0.00977579360374166
1011,Rio Baião,999,0.0297804969487779
1012,Lagoa Mangueira,3,0.329678018749319
1013,Lagoa Mangueira,3,0.0262919961230981
1014,Lagoa Mangueira,3,0.0800036029518342
1015,Lagoa Mangueira,3,0.154131650086423
1016,Lagoa Mangueira,3,0.0625058939766892
1017,Lagoa Mangueira,3,0.0785172578420634
1018,Lagoa Mangueira,3,0.0300990558332951
1019,Arroio Chuy,3,0.697507111337575
1020,Arroio San Miguel,3,0.0192455530736919
1021,Arroio Chuy,3,0.0446843808435334
1022,Arroio Chuy,3,0.0165446871230944
1023,Rio Carpina,4,0.0776990946875604
1024,Riacho Carnaúba,4,0.119344612265773
1025,Riacho Carnaúba,4,0.0470232961656078
1026,Rio Ubatuba,4,0.180255026810729
1027,Rio Ubatuba,4,0.0107511245945396
1028,sem nome,5,0.0286360157756277
1029,sem nome,999,0.0325686959292207
1030,Rio Melo,999,0.021552151156737
1031,sem nome,999,0.194862536641016
1032,sem nome,999,0.0703385046241235
1033,sem nome,999,0.0382827003690594
1034,sem nome,999,0.0315977121979838
1035,sem nome,4,0.0981132445400927
1036,Rio Espinhares,999,0.0300739284539545
1037,sem nome,5,0.115342896825797
1038,Rio Seridó,999,0.0278807932970337
1039,sem nome,999,0.0302179771019352
1040,sem nome,999,0.0321702768349835
1041,sem nome,999,0.0205416619498824
1042,sem nome,999,0.0294115355241589
1043,Rio Chafariz,999,0.132267395454952
1044,Rio Salgado,999,0.0837098868456408
1045,Rio Piancó,999,0.0398195777623233
1046,Riacho Jardim,999,0.0510841817936834
1047,sem nome,999,0.0731687142318924
1048,Rio Piancó,999,0.0442436032425272
1049,Riacho dos Porcos,999,0.0419976996173101
1050,sem nome,999,0.0651253900970597
1051,Riacho Jardim,999,0.0512869820253805
1052,Riacho dos Porcos,999,0.0347555563693585
1053,Riacho dos Porcos,999,0.0138959846202142
1054,Riacho dos Porcos,999,0.0368447176606081
1055,sem nome,999,0.0473087416154702
1056,Rio Piancó,999,0.0575441332962851
1057,Riacho dos Porcos,999,0.0175513582088627
1058,Riacho Jardim,999,0.0874512377350167
1059,Rio Piancó,999,0.0540129936480748
1060,Riacho dos Porcos,999,0.0191432004440676
1061,Rio Piancó,999,0.109470509160907
1062,sem nome,999,0.0569496963566033
1063,Rio Piancó,999,0.0144202693122518
1064,Rio Piancó,999,0.0279975220393946
1065,Rio Piancó,999,0.0143531932667909
1066,sem nome,999,0.0158430518417479
1067,Riacho dos Porcos,999,0.0681001289911665
1068,sem nome,999,0.0438028736946485
1069,Rio Piancó,999,0.0586556116668616
1070,Riacho dos Porcos,999,0.00584922166891766
1071,Rio Piancó,999,0.00633613187772061
1072,Rio Seridó,999,0.0180346553520966
1073,sem nome,999,0.106997201819767
1074,Rio Pirari,4,0.0720709682700558
1075,Rio Espinhares,999,0.0642182525093238
1076,Rio Seridó,999,0.0369137531925694
1077,Rio Seridó,999,0.012575424755691
1078,Rio Sabuji,999,0.0281123796275312
1079,Rio Salgado,999,0.0453154444814866
1080,Rio Salgado,999,0.0268858292652955
1081,Rio Sabuji,999,0.00129109753671262
1082,sem nome,999,0.0301702670687278
1083,sem nome,999,0.0677546225050057
1084,Rio Seridó,999,0.0283830111979326
1085,Riacho Peleiro,999,0.0935508728373951
1086,Rio Seridó,999,0.00273064526501501
1087,Rio Piancó,999,0.0708321578569745
1088,Rio Melo,999,0.107026909594518
1089,Riacho do Cordeiro,999,0.064416394353293
1090,sem nome,999,0.0490498597081597
1091,Rio Seridó,999,0.0568010206506784
1092,Rio Chafariz,999,0.125793994437341
1093,Rio Seridó,999,0.0361784863074878
1094,Rio Chafariz,999,0.00304888204561606
1095,Rio Piancó,999,0.0100125857196152
1096,Riacho Escuro,999,0.00704966303779063
1097,Rio Salgado,999,0.0384979594117533
1098,Rio Piranhas ou Açu,999,0.0121796414918427
1099,Riacho Escuro,999,0.0850299891737429
1100,Riacho Escuro,999,0.161306779017073
1101,Rio Piranhas ou Açu,999,0.0387210567049535
1102,sem nome,999,0.022301145910107
1103,Rio Salgado,999,0.0463400788084129
1104,Rio Seridó,999,0.105200709880596
1105,Rio Piranhas ou Açu,999,0.0288926344007872
1106,sem nome,999,0.175325230593464
1107,Rio Seridó,999,0.0271729463937018
1108,Rio Salgado,999,0.0526966751701596
1109,Rio Piranhas ou Açu,999,0.0355198242131199
1110,Rio Seridó,999,0.0316801303200301
1111,Rio Salgado,999,0.0200942845925373
1112,sem nome,999,0.0111612776138846
1113,sem nome,999,0.015553031973689
1114,sem nome,999,0.0241814200461203
1115,Rio Calabouço,999,0.111702705220053
1116,Rio Calabouço,999,0.0742010144265535
1117,Rio Melo,999,0.0337059309383748
1118,Rio Curimataú,999,0.0309169605025685
1119,Rio Calabouço,999,0.0102159384139385
1120,Rio Curimataú,999,0.138415558931997
1121,Rio Curimataú,999,0.121963566202132
1122,Rio Curimataú,999,0.0117572937163803
1123,Rio Salgado,999,0.0167395425587924
1124,Rio Melo,999,0.00778949282301321
1125,Riacho do Cordeiro,999,0.121753489722714
1126,sem nome,999,0.0572455023571962
1127,sem nome,999,0.0342369863471249
1128,sem nome,999,0.0893150205908434
1129,Rio Espinhares,999,0.0579729943810652
1130,Rio Pirari,4,0.0671136725053669
1131,Rio Salgado,999,0.0230740073350046
1132,sem nome,999,0.0475580268398283
1133,Rio Melo,999,0.0856972287402122
1134,Rio Salgado,999,0.00991246205807094
1135,Rio Melo,999,0.00547521207468883
1136,Rio Espinhares,999,0.0154204069876865
1137,sem nome,999,0.0264785878803844
1138,Rio Seridó,999,0.143284127531438
1139,sem nome,999,0.00631488217275355
1140,Rio Seridó,999,0.0130237428450815
1141,sem nome,999,0.00395727512361251
1142,sem nome,999,0.0279317626156
1143,Rio Piranhas ou Açu,999,0.0306020578518263
1144,Rio Seridó,999,0.0630767320162125
1145,sem nome,999,0.0629645959526731
1146,Rio Jacu,999,0.00379910889788193
1147,Rio Jacu,999,0.0754152681528615
1148,sem nome,999,0.0221242341712669
1149,sem nome,999,0.0433391530012152
1150,sem nome,999,0.0566165359702872
1151,Rio Seridó,999,0.0421429603214112
1152,sem nome,999,0.0100126590095345
1153,Rio Jacu,999,0.107138591993146
1154,Rio Jacu,999,0.021353172085168
1155,sem nome,999,0.028700349108179
1156,Rio Chafariz,999,0.0997762134429354
1157,sem nome,999,0.0259478397732944
1158,Rio Espinhares,999,0.0246117305351919
1159,sem nome,999,0.00835339071827762
1160,sem nome,999,0.016594736470672
1161,sem nome,999,0.024248914333526
1162,Rio Salgado,999,0.060955871399711
1163,Rio Espinhares,999,0.0198657057752935
1164,Rio Japi,999,0.293719117829329
1165,sem nome,999,0.0804744062120872
1166,sem nome,999,0.0361587300625296
1167,Rio Seridó,999,0.0638311588179825
1168,sem nome,999,0.0603050807332322
1169,Rio Japi,999,0.0228939161342658
1170,Rio Salgado,999,0.0244105953820702
1171,sem nome,999,0.0292256894495429
1172,Rio Chafariz,999,0.0858489505008901
1173,Rio Japi,999,0.0127024262582388
1174,Rio Chafariz,999,0.0126223916466456
1175,sem nome,999,0.0481622559591229
1176,sem nome,999,0.0550550525756534
1177,Rio Piranhas ou Açu,999,0.0892709350960758
1178,Rio Piranhas ou Açu,999,0.00366616764124376
1179,Rio Salgado,999,0.0222408869124884
1180,Rio Sabuji,999,0.0798475101010807
1181,sem nome,999,0.0179072535518058
1182,Rio Curimataú,999,0.0147762584239963
1183,Rio Sabuji,999,0.00667328068039394
1184,Rio Japi,999,0.0674992811476378
1185,Rio Cpo. Comprido,999,0.0180000088889486
1186,Rio Piranhas ou Açu,999,0.0381259043170332
1187,sem nome,999,0.0493173495538705
1188,Rio Curimataú,999,0.0179050107111648
1189,Rio Piranhas ou Açu,999,0.0172567845239026
1190,Rio Chafariz,999,0.0298843586741709
1191,Rio Seridó,999,0.0745068559322495
1192,sem nome,999,0.0284280911043483
1193,Rio Piranhas ou Açu,999,0.0242987128613847
1194,Rio Cpo. Comprido,999,0.0329803849796891
1195,Rio Cpo. Comprido,999,0.0530842785189037
1196,Rio Calabouço,999,0.0254881250455157
1197,Rio Piranhas ou Açu,999,0.0139933171761706
1198,Rio Calabouço,999,0.0661066415293431
1199,Rio Calabouço,999,0.0729950629342161
1200,Rio Cpo. Comprido,999,0.0316595458801397
1201,Rio Espinhares,999,0.0854106424105176
1202,Rio Sabuji,999,0.0418458120822069
1203,Rio Piranhas ou Açu,999,0.0222868452749666
1204,sem nome,999,0.0619099554558351
1205,Rio Piranhas ou Açu,999,0.0338137961937693
1206,Rio Cpo. Comprido,999,0.0236976840204402
1207,Rio Espinhares,999,0.00790934664787738
1208,Rio Piranhas ou Açu,999,0.0104783307703377
1209,Rio Chafariz,999,0.034524724148208
1210,Rio Espinhares,999,0.00581688821924732
1211,sem nome,999,0.10382639702845
1212,Rio Curimataú,999,0.0189634418803093
1213,Rio Curimataú,999,0.141215652206376
1214,Rio Chafariz,999,0.0146315732967789
1215,sem nome,999,0.0485313418103407
1216,sem nome,999,0.100492256998577
1217,Rio Salgado,999,0.0980226922701234
1218,Rio Sabuji,999,0.0292105696378366
1219,Rio Calabouço,999,0.123759619794374
1220,sem nome,5,0.0806634919962272
1221,Riacho Tipi,999,0.16728265244351
1222,sem nome,999,0.0155641157608324
1223,sem nome,999,0.0461487407373512
1224,sem nome,5,0.105133912104381
1225,Riacho do Cordeiro,999,0.154718699952418
1226,Rio Pirari,4,0.0800391702671659
1227,Rio Curimataú,999,0.137369778203777
1228,Rio Espinhares,999,0.00990295380306308
1229,Rio Espinhares,999,0.0470029818350232
1230,sem nome,999,0.0242679632665345
1231,sem nome,999,0.038207043041227
1232,Rio Piancó,999,0.0331838080466931
1233,Rio Seridó,999,0.0362159864882621
1234,sem nome,999,0.0858427332904708
1235,sem nome,999,0.0330846423408629
1236,Riacho Peleiro,999,0.0299723043225518
1237,Rio Melo,999,0.0709550526306602
1238,Rio Seridó,999,0.0128734828967693
1239,Rio Espinhares,999,0.0233826058327383
1240,sem nome,999,0.159229595327114
1241,sem nome,999,0.119043811384034
1242,Rio Curimataú,999,0.0228656905355006
1243,Rio Curimataú,999,0.0578295128645256
1244,Rio Piancó,999,0.0271729037493525
1245,sem nome,999,0.0430352068286895
1246,Rio Pirari,4,0.025608504613637
1247,sem nome,999,0.103065296332041
1248,Riacho Peleiro,999,0.0491071355685651
1249,Rio Curimataú,999,0.0319859364746484
1250,Rio Curimataú,999,0.203186117071309
1251,Riacho Peleiro,999,0.0578616801199787
1252,Rio das Varzantes,999,0.140745754407461
1253,Riacho do Cordeiro,999,0.0393125920658453
1254,Rio Salgado,999,0.0535661921965103
1255,Riacho Peleiro,999,0.0473125895053649
1256,Rio Seridó,999,0.0656885082380819
1257,Rio Curimataú,999,0.0694101202606212
1258,Rio Curimataú,999,0.120002826468918
1259,Rio Curimataú,999,0.065442492188065
1260,sem nome,999,0.283396948222551
1261,Rio Seridó,999,0.0325057780634554
1262,Rio Curimataú,999,0.0114224820628023
1263,Rio Sabuji,999,0.127016040387616
1264,sem nome,999,0.0448570407070862
1265,sem nome,999,0.206369970486131
1266,Rio Piancó,999,0.0506377354644524
1267,Rio Bola,999,0.00994649440675636
1268,Riacho Peleiro,999,0.0666478210112705
1269,Riacho Tipi,999,0.143325164597136
1270,sem nome,999,0.0810301462797555
1271,Rio Piancó,999,0.088884376290365
1272,sem nome,999,0.0861806116915171
1273,sem nome,999,0.0525469513589514
1274,sem nome,999,0.141974281479197
1275,sem nome,5,0.00521433114773661
1276,Rio Espinhares,999,0.0264050297282333
1277,Rio Melo,999,0.0397013187266219
1278,Rio Sabuji,999,0.0792842246408623
1279,Rio Pirari,4,0.0607758292502638
1280,sem nome,999,0.0595708714560137
1281,Rio Seridó,999,0.0713587985459993
1282,Rio das Varzantes,999,0.0224320597059104
1283,Rio Piancó,999,0.0265484692391438
1284,sem nome,999,0.0360734495036476
1285,sem nome,999,0.0715074301292454
1286,sem nome,5,0.0223743065292498
1287,sem nome,999,0.0483040606140245
1288,Rio das Varzantes,999,0.0330347483661414
1289,Rio das Varzantes,999,0.00286830180456478
1290,sem nome,5,0.00955790137215469
1291,sem nome,999,0.093907159357081
1292,Rio Jacuípe,1,0.0661749706309184
1293,Rio Jacuípe,1,0.0263036465493098
1294,Rio Jacuípe,1,0.00665059990156016
1295,sem nome,999,0.0182450585281911
1296,Rio Jacuípe,1,0.0374987375754343
1297,Rio Canhoto,999,0.201846723371045
1298,Rio Jacuípe,1,0.0493070443736336
1299,Riacho Taquara,3,0.313100977065426
1300,Riacho Jardim,999,0.14265895493453
1301,Riacho Jardim,999,0.00819156953137918
1302,Riacho dos Porcos,999,0.0178620337842656
1303,sem nome,999,0.0272675369121835
1304,sem nome,999,0.0713511717791757
1305,Rio Piancó,999,0.0681581069439326
1306,Rio Piancó,999,0.0917769211706309
1307,Rio Piancó,999,0.0253678138574994
1308,Riacho dos Porcos,999,0.0389022537124346
1309,Riacho Jardim,999,0.112512911952904
1310,Rio Piancó,999,0.0981363387788464
1311,Rio Piancó,999,0.021338785557933
1312,Riacho dos Porcos,999,0.0566393423525185
1313,Rio Piancó,999,0.014293154634414
1314,Rio Piancó,999,0.00920555933922036
1315,Riacho Jardim,999,0.0960106898061192
1316,Riacho Jardim,999,0.00290497049884865
1317,Rio Piancó,999,0.0996785377180404
1318,Rio Piancó,999,0.0126302414939684
1319,Riacho dos Porcos,999,0.0847194942493777
1320,Rio Piancó,999,0.0120529330670482
1321,Riacho Baião,999,0.0156521464304082
1322,Riacho Jardim,999,0.0653943789158169
1323,Rio Piancó,999,0.0253721046603276
1324,Riacho Baião,999,0.0258303564724845
1325,Riacho Santa Inês,999,0.00468601495868549
1326,Riacho Santa Inês,999,0.104122661111364
1327,Riacho Jardim,999,0.0463039333857863
1328,Riacho Santa Inês,999,0.00963752752777869
1329,Riacho Santa Inês,999,0.0164304683544332
1330,Riacho Jardim,999,0.00835320558152433
1331,Riacho Jardim,999,0.0334825214836164
1332,Riacho Santa Inês,999,0.12553850681951
1333,Riacho Jardim,999,0.0652053149338181
1334,Riacho Baião,999,0.0211683023141259
1335,Riacho Baião,999,0.112893877921981
1336,Rio Papocas,1,0.00334249094066919
1337,Rio Papocas,1,0.0451804670656578
1338,Rio Papocas,1,0.0363794316712081
1339,Rio Correntes,6,0.0665000417561211
1340,Rio Correntes,6,0.0416299058892301
1341,Rio Correntes,6,0.0761139444867851
1342,Rio Correntes,6,0.0424027403074774
1343,Rio Correntes,6,0.203207453747895
1344,Rio Correntes,6,0.0725510520164722
1345,Rio Correntes,6,0.124431753120447
1346,Rio Correntes,6,0.0906871689519409
1347,Rio Correntes,6,0.086338301543004
1348,Rio Correntes,6,0.158845538900666
1349,Rio Correntes,6,0.116856733932387
1350,Rio Correntes,6,0.0959020614920938
1351,Rio Correntes,6,0.0546577789598436
1352,Rio Correntes,6,0.0411574163111674
1353,Rio Piripipau,4,0.325628957018437
1354,Rio Piripipau,4,0.00286421294450802
1355,sem nome,4,0.137128533580748
1356,Rio Descoberto,4,0.235387871650693
1357,sem nome,4,0.0442898839579525
1358,Rio Descoberto,4,0.0271486546769923
1359,Rio São Bartolomeu,4,0.0489821968902215
1360,Rio São Bartolomeu,4,0.0876864363283956
1361,sem nome,4,0.118395070517751
1362,sem nome,4,0.0591979243993187
1363,sem nome,4,0.123803970837886
1364,sem nome,4,0.129054806405039
1365,Rio Canhoto,999,0.0479550429342177
1366,sem nome,999,0.31677337648563
1367,Rio Canhoto,999,0.0711606225788963
1368,sem nome,999,0.0428352059642822
1369,Riacho Breião,999,0.132408773843869
1370,Rio Mundaú,999,0.411340330103191
1371,Rio Canhoto,999,0.0454651091269608
1372,Riacho Breião,999,0.0548043347629661
1373,Rio Mundaú,999,0.0482570805666189
1374,Rio Mundaú,999,0.0124934989030651
1375,Rio Mundaú,999,0.028565501349649
1376,Rio Canhoto,999,0.0448125315885152
1377,Rio Mundaú,999,0.0279722406433212
1378,Rio Mundaú,999,0.0527337959517333
1379,Rio Mundaú,999,0.0119205397608522
1380,Rio Mundaú,999,0.0951553321091039
1381,Rio Mundaú,999,0.156612058036535
1382,Riacho Breião,999,0.119659239800938
1383,sem nome,999,0.148539233225667
1384,Rio Mundaú,999,0.0367361957463546
1385,Riacho Breião,999,0.053231707814881
1386,Rio Mundaú,999,0.0632254801229011
1387,Rio Mundaú,999,0.0353961529346251
1388,Rio Bálsamo,999,0.0912221246563136
1389,sem nome,999,0.0747257202808339
1390,Riacho Breião,999,0.0525366268543003
1391,Rio Mundaú,999,0.0421729549238027
1392,Riacho Breião,999,0.0201559035590494
1393,sem nome,999,0.0758692727010194
1394,Rio Bálsamo,999,0.0145721965473333
1395,Rio Bálsamo,999,0.0333778123052567
1396,Rio Bálsamo,999,0.0547481755625449
1397,Rio Bálsamo,999,0.0923676973681222
1398,Rio Mundaú,999,0.066272448110948
1399,Riacho Breião,999,0.0853518112135222
1400,Riacho Breião,999,0.0618433714736149
1401,Riacho Breião,999,0.10443825405964
1402,Riacho Breião,999,0.062284511860328
1403,Riacho Breião,999,0.0457860695451336
1404,Rio Mundaú,999,0.0856033458969962
1405,Rio Mundaú,999,0.0198559241544811
1406,Riacho Breião,999,0.1587981161521
1407,Rio Seridó,999,0.0125920161403279
1408,Rio Chafariz,999,0.0156207680876902
1409,sem nome,999,0.11814787013118
1410,Riacho Peleiro,999,0.029643062599352
1411,Rio Seridó,999,0.0549208099269713
1412,Rio Seridó,999,0.0109851379553565
1413,Rio Seridó,999,0.0157588578524692
1414,Rio Espinhares,999,0.051539701344371
1415,Rio Chafariz,999,0.0234956417925373
1416,Rio Seridó,999,0.0625582166690327
1417,Rio Espinhares,999,0.00707155897513867
1418,Rio Sabuji,999,0.068406709623785
1419,Rio Seridó,999,0.0565948583950312
1420,Rio Espinhares,999,0.00363389998555086
1421,sem nome,999,0.249893124830724
1422,Rio Sabuji,999,0.0247169781179886
1423,Rio Chafariz,999,0.0326666338428566
1424,sem nome,999,0.0443394428103249
1425,Rio Espinhares,999,0.00834094361615794
1426,Rio Salgado,999,0.0953942887990704
1427,sem nome,999,0.0396012208979877
1428,Rio Chafariz,999,0.015386257597754
1429,sem nome,999,0.0565733282595377
1430,Rio Salgado,999,0.0282068281186091
1431,Rio Espinhares,999,0.0192183496318033
1432,Riacho dos Porcos,999,0.0140741616921573
1433,Rio Chafariz,999,0.019160387800193
1434,Rio Sabuji,999,0.0523475147615096
1435,Rio Piancó,999,0.0922331580061948
1436,Rio Piancó,999,0.00162580758396497
1437,Rio Chafariz,999,0.0162825447229248
1438,Rio Espinhares,999,0.0300469496259912
1439,Rio Piancó,999,0.00931054070827521
1440,Rio Piancó,999,0.00602429506203041
1441,sem nome,999,0.103920240284261
1442,Rio Piancó,999,0.0206314864274877
1443,Rio Espinhares,999,0.0257166551785687
1444,Rio Piancó,999,0.00395610685506723
1445,Rio Espinhares,999,0.00177731899743465
1446,Riacho São José,999,0.00495653567690694
1447,sem nome,999,0.0412664264567607
1448,Riacho dos Porcos,999,0.118546092421416
1449,Riacho dos Porcos,999,0.00123426816435114
1450,sem nome,999,0.0442297727288543
1451,Riacho dos Porcos,999,0.0280307957342406
1452,sem nome,999,0.0627084989148944
1453,sem nome,999,0.125002049080977
1454,Riacho São José,999,0.0616276593100714
1455,Rio Piancó,999,0.0450645341163991
1456,Rio Piancó,999,0.00792337743967094
1457,Rio Piancó,999,0.00186149774059606
1458,Rio Piancó,999,0.0221612724428181
1459,sem nome,999,0.358397021967705
1460,Rio Piancó,999,0.0153760774101047
1461,Rio Chafariz,999,0.11297508972986
1462,Riacho dos Porcos,999,0.0437498824048081
1463,sem nome,3,0.10838740261478
1464,Rio Papocas,3,0.0165957935961336
1465,Rio Papocas,3,0.103681701805046
1466,sem nome,1,0.0168774783847003
1467,sem nome,1,0.0500790473818754
1468,sem nome,3,0.0923267228657797
1469,sem nome,1,0.0903825580750958
1470,sem nome,1,0.107850652957888
1471,sem nome,1,0.0896471900035496
1472,sem nome,1,0.0967018311085636
1473,sem nome,1,0.0377030504154082
1474,sem nome,1,0.0600712523855198
1475,Rio Traçunhaém,1,0.0330401702865431
1476,Rio Sirgi,1,0.146242573570484
1477,Rio Traçunhaém,1,0.022300410623285
1478,Rio Traçunhaém,1,0.0346097849394734
1479,Rio Traçunhaém,1,0.0719693603154099
1480,sem nome,999,0.0814702516400168
1481,sem nome,999,0.0326254617054968
1482,sem nome,999,0.0422861401738057
1483,sem nome,999,0.187993353810916
1484,Rio Canhoto,999,0.0691198237246265
1485,Rio Canhoto,999,0.039467247596584
1486,Rio Canhoto,999,0.0133177047419074
1487,Rio Canhoto,999,0.0310465610438746
1488,Rio Canhoto,999,0.0142972163059209
1489,Rio Canhoto,999,0.0340844290384781
1490,Rio Canhoto,999,0.0808891023763566
1491,Rio Canhoto,999,0.0499063650112232
1492,Riacho Seco,999,0.115004863179584
1493,Rio Canhoto,999,0.100847385657836
1494,Rio Canhoto,999,0.0127504884929012
1495,Rio Canhoto,999,0.048022612434456
1496,Riacho Seco,999,0.0915462100966153
1497,Rio Canhoto,999,0.0423446514617867
1498,Rio Canhoto,999,0.021779456930447
1499,Rio Canhoto,999,0.0432035577629508
1500,Rio Jacuípe,1,0.0118807303449681
1501,Rio Jacuípe,1,0.0176316059599486
1502,Rio Jacuípe,1,0.202460243601587
1503,sem nome,4,0.152482170749739
1504,sem nome,4,0.0260224741401997
1505,sem nome,4,0.12773918955215
1506,sem nome,4,0.0335940419618369
1507,Igarapé Gelado,4,0.231549435904821
1508,sem nome,4,0.121802257410202
1509,sem nome,4,0.107953092641125
1510,sem nome,4,0.167050271570195
1511,sem nome,4,0.0113788694522413
1512,Rio Parauapebas,4,0.0133511981269953
1513,Rio Parauapebas,4,0.0125707784552738
1514,Rio Itacaiúnas,4,0.144943580336995
1515,sem nome,4,0.195783943055836
1516,sem nome,4,0.142227413892634
1517,Rio Parauapebas,4,0.0396839426373614
1518,sem nome,4,0.132613433352719
1519,Rio Azul,4,0.190412338649883
1520,Rio Itacaiúnas,4,0.0468533927070084
1521,sem nome,4,0.150665011960882
1522,Rio Parauapebas,4,0.107093738555611
1523,sem nome,4,0.142211212180828
1524,sem nome,4,0.10422351416744
1525,sem nome,4,0.109039017235489
1526,sem nome,4,0.390921225659882
1527,Rio Parauapebas,4,0.0569143038727997
1528,Ribeirão Águas Claras,4,0.329845163107604
1529,Rio Parauapebas,4,0.060381319755396
1530,sem nome,4,0.0817812037265622
1531,Rio Itacaiúnas,4,0.245749936064122
1532,sem nome,4,0.0404958727113145
1533,sem nome,4,0.0935549956364525
1534,Rio Itacaiúnas,4,0.00514413974716243
1535,sem nome,4,0.156179764395178
1536,sem nome,4,0.0885044198545457
1537,sem nome,4,0.14907955803681
1538,Rio Parauapebas,4,0.105960169936448
1539,sem nome,4,0.147940649775657
1540,sem nome,4,0.163109253112845
1541,sem nome,4,0.276041144131168
1542,Rio Parauapebas,4,0.150653689621732
1543,Rio Parauapebas,4,0.0314823162982252
1544,Rio Parauapebas,4,0.0194014963684284
1545,sem nome,4,0.186717029419285
1546,sem nome,4,0.213362983650277
1547,Rio Jacaraí,2,0.0759484333360807
1548,Rio Jacaraí,4,0.0405033290595413
1549,Rio Jacaraí,4,0.149000275177332
1550,Riacho Breião,999,0.0466321642845415
1551,Riacho Breião,999,0.103271086744132
1552,Rio Mundaú,999,0.169714458130132
1553,Riacho Breião,999,0.096580535614611
1554,Riacho Breião,999,0.0206856645579347
1555,Rio Mundaú,999,0.155327328671571
1556,Rio Mundaú,999,0.0304345492086969
1557,Riacho Breião,999,0.158242414532265
1558,Riacho Breião,999,0.115395126310186
1559,Riacho Breião,999,0.00621200475184536
1560,Riacho Breião,999,0.0300104402189743
1561,Riacho Breião,999,0.0731540379332705
1562,Rio Manso,6,0.050377943381804
1563,Rio Roncador,6,0.0665447651724642
1564,Rio Roncador,6,0.0203899708442554
1565,Rio Roncador,6,0.264654942635433
1566,Rio Roncador,6,0.0862013639520796
1567,Rio Roncador,6,0.038128882292579
1568,Rio Roncador,6,0.100858358389491
1569,Rio Roncador,6,0.122360625890299
1570,Rio Roncador,6,0.444254657989227
1571,Córrego do Arame,6,0.111318028535593
1572,Córrego do Arame,6,0.139113650541979
1573,Córrego Cangalha,6,0.108527728039993
1574,Córrego Cangalha,6,0.073980766780987
1575,Rio Correntes,6,0.106465193431108
1576,Rio Correntes,6,0.0222470082687314
1577,Rio Correntes,6,0.0334735128185163
1578,Rio Correntes,6,0.115348489482434
1579,Rio Itacaiúnas,4,0.326090513628983
1580,sem nome,4,0.223558976897978
1581,Rio Itacaiúnas,4,0.0753227248221059
1582,Rio Paranã,4,0.0306617841452805
1583,Rio Paranã,4,0.0932939305522386
1584,Rio Paranã,4,0.00847058544964986
1585,Rio Paranã,4,0.0296892267100347
1586,Rio Paranã,4,0.108214952646811
1587,Rio Paranã,4,0.0111956325305707
1588,Rio Paranã,4,0.0424035744817388
1589,Rio Paranã,4,0.165078194429122
1590,Rio Paranã,4,0.0728954243600852
1591,Rio Paranã,4,0.0345991909454681
1592,Rio Paranã,4,0.0572972206286617
1593,Rio Paranã,4,0.0623095788780735
1594,Rio Paranã,4,0.115094521153866
1595,Rio Paranã,4,0.0590850540647806
1596,Rio Quaraí,3,0.000138650709488183
1597,Rio Quaraí,3,0.0598146335608949
1598,Rio Quaraí,3,0.0652202503142405
1599,Rio Quaraí,3,0.0692189800007703
1600,Rio Quaraí,3,0.0528385859003234
1601,Rio Quaraí,3,0.0808059747808237
1602,Rio Quaraí,3,0.0339586900905078
1603,Rio Quaraí,3,0.000949393823360761
1604,Rio Quaraí,3,0.0993964541046372
1605,Rio Quaraí,3,0.0736011140156446
1606,Rio Quaraí,3,0.0600439460289223
1607,Rio Quaraí,3,0.0209722030369672
1608,Rio Quaraí,3,0.0228208513587191
1609,Rio Quaraí,3,0.0533328013578734
1610,Rio Quaraí,3,0.129180376590406
1611,Rio Quaraí,3,0.311448816831701
1612,Rio Quaraí,3,0.286621419986248
1613,Rio Quaraí,4,0.0966377678224969
1614,Rio Quaraí,4,0.139827328847387
1615,Rio Quaraí,4,0.0264121971603713
1616,Rio Quaraí,4,0.328805797468521
1617,Rio Quaraí,4,0.056414115415139
1618,Rio Quaraí,4,0.0256427931566683
1619,Arroio Passo da Lagoa,4,0.0612179561201831
1620,Arroio Moirões,4,0.0690006689430822
1621,Arroio Espinilho,4,0.198314893785008
1622,Arroio Moirões,4,0.072833423802756
1623,Arroio Moirões,4,0.0872681678157884
1624,Arroio Invernada,4,0.0271000613030772
1625,Arroio Espinilho,4,0.115835322903604
1626,Arroio Moirões,4,0.100192009727058
1627,Arroio Invernada,4,0.047748448942528
1628,Arroio Quebracho,3,0.35521016089465
1629,Rio Negro,3,0.0993539564272909
1630,sem nome,3,0.125633410956383
1631,Rio Negro,3,0.0508928544769388
1632,Arroio São Luis,3,0.0395994893109328
1633,Rio Negro,3,0.101234275975816
1634,Rio Negro,3,0.0675449562441517
1635,Arroio São Luis,3,0.0294955394024992
1636,Rio Negro,3,0.0360328835100712
1637,Rio Negro,3,0.0660059829345012
1638,Rio Negro,3,0.0319429261092149
1639,Rio Negro,3,0.0243583375558003
1640,Rio Negro,3,0.0698499048421237
1641,Rio Negro,3,0.0419246126412029
1642,Arroio São Luis,5,0.0254692928896889
1643,Rio Maú ou Ireng,4,0.0196663378934221
1644,Rio Tacutu,4,0.0399686195401521
1645,Rio Tacutu,4,0.138613784702311
1646,Rio Tacutu,4,0.00588309789570154
1647,Rio Tacutu,4,0.0528034785415927
1648,Rio Tacutu,4,0.0431478580816946
1649,Rio Tacutu,4,0.0357167904394187
1650,Rio Tacutu,4,0.0142528984925687
1651,Rio Tacutu,4,0.0672207222339893
1652,Rio Tacutu,4,0.0424419404753507
1653,Rio Tacutu,4,0.0412493414828073
1654,Rio Tacutu,4,0.01324940412526
1655,Rio Tacutu,4,0.0103260684126833
1656,Rio Tacutu,4,0.0851753428136812
1657,Rio Tacutu,4,0.0359154770276024
1658,Rio Tacutu,4,0.0162200962596158
1659,Rio Tacutu,4,0.0223229062356991
1660,Rio Tacutu,4,0.00105966416370816
1661,Rio Tacutu,4,0.059461185350601
1662,Rio Tacutu,4,0.0727025275967087
1663,Rio Tacutu,4,0.0512965715192706
1664,Rio Tacutu,4,0.0227963072752254
1665,Rio Tacutu,4,0.0128894469529147
1666,Rio Tacutu,4,0.0666212059189537
1667,Rio Tacutu,4,0.0537934325577458
1668,Rio Tacutu,4,0.0256065291885707
1669,Rio Tacutu,4,0.00954355769785452
1670,Rio Tacutu,4,0.0535521353277893
1671,Rio Tacutu,4,0.00103528181228469
1672,Rio Tacutu,4,0.00570390741002077
1673,Rio Tacutu,4,0.00800296719061205
1674,Rio Tacutu,4,0.00503740717400062
1675,Rio Tacutu,4,0.00234841407605009
1676,Rio Tacutu,4,0.010123094964432
1677,Rio Tacutu,4,0.0186688444006418
1678,Rio Tacutu,4,0.010480794887657
1679,Rio Tacutu,4,0.0115898563426088
1680,Rio Tacutu,4,0.118671112786843
1681,Rio Cinzento,4,0.123235334779921
1682,Rio Cinzento,4,0.0545522856151769
1683,Rio Cinzento,4,0.174661292457339
1684,Rio Cinzento,4,0.141610747959556
1685,sem nome,4,0.0925650878955255
1686,sem nome,4,0.148168504185279
1687,Rio Aquiri,4,0.171149668735906
1688,sem nome,4,0.137326466190556
1689,Rio Itacaiúnas,4,0.0566684121247116
1690,Rio Itacaiúnas,4,0.037996976502344
1691,Rio Itacaiúnas,4,0.12583056168598
1692,sem nome,4,0.07676547422255
1693,Rio Aquiri,4,0.0919672818430711
1694,Rio Itacaiúnas,4,0.0627883255561492
1695,Rio Aquiri,4,0.050167527171576
1696,sem nome,4,0.117613801455778
1697,Rio Aquiri,4,0.00393965393655857
1698,Rio Aquiri,4,0.0160583586838228
1699,sem nome,4,0.0982209323388396
1700,Rio Aquiri,4,0.0464306229751972
1701,Rio Aquiri,4,0.0850950839393336
1702,Rio Itacaiúnas,4,0.0271995224163817
1703,Rio Aquiri,4,0.0760323633044898
1704,sem nome,4,0.0856799764620214
1705,sem nome,4,0.113548801177618
1706,sem nome,4,0.0806604052451441
1707,Ribeirão Águas Claras,4,0.128354236362149
1708,sem nome,4,0.232463619509052
1709,Rio Samambaia,4,0.105593682744448
1710,Rio Alagado,4,0.0353663010345989
1711,Rio São Bartolomeu,4,0.0514084688550819
1712,Rio Alagado,4,0.0367120139146383
1713,Rio Samambaia,4,0.0763322018277159
1714,Rio Alagado,4,0.0406118321291621
1715,Rio Moji-Guaçu,5,0.0089585816569247
1716,Rio Moji-Guaçu,5,0.0375737407255833
1717,Rio Moji-Guaçu,5,0.067381440657177
1718,Rio Moji-Guaçu,5,0.0501016608430481
1719,Rio Moji-Guaçu,5,0.0269346233480798
1720,Rio Sapucaí,6,0.0882081164997483
1721,Rio Moji-Guaçu,5,0.0426317505125619
1722,Rio Sapucaí,6,0.129491569627377
1723,Rio Eleutério,5,0.0804574445071853
1724,Rio Moji-Guaçu,5,0.134501752661038
1725,Rio Moji-Guaçu,5,0.0476426326269464
1726,Rio Sapucaí,6,0.0476569986536635
1727,Rio Aiuruoca,6,0.0919424827066833
1728,Rio Carinhanha,999,0.153304767106736
1729,Rio Carinhanha,999,0.088258603600132
1730,Rio Itaguari,999,0.11271496332078
1731,Rio Carinhanha,999,0.0257905253087419
1732,Rio Itaguari,999,0.0211953334658182
1733,Rio Carinhanha,999,0.207907215283577
1734,Rio Carinhanha,999,0.047798763702347
1735,Rio Itaguari,999,0.0525572322784868
1736,Rio Carinhanha,999,0.140142829317659
1737,Rio Carinhanha,999,0.112660175524878
1738,Rio Carinhanha,999,0.138097984462182
1739,Rio Itaguari,999,0.0441056170497555
1740,Rio Piracuruca,1,0.286432043952799
1741,Rio Piracuruca,4,0.449895943912343
1742,Rio Inhuçu,3,0.333456135352359
1743,Rio Piau,1,0.430415153360369
1744,Rio Poti,2,0.0323408629609389
1745,Rio Poti,2,0.0419720433198764
1746,Rio Piau,4,0.525195764940787
1747,Rio Poti,2,0.0845245711720921
1748,Rio Poti,2,0.0765912854096205
1749,Rio Poti,2,0.0818261319482582
1750,Ribeirão Maria,4,0.189155810045609
1751,Rio São Bartolomeu,4,0.0755034900154724
1752,Ribeirão Maria,4,0.0414925174351254
1753,Rio São Bartolomeu,4,0.0386497545452032
1754,Ribeirão Mesquita,4,0.224150605159666
1755,Rio São Bartolomeu,4,0.0226877560893758
1756,sem nome,4,0.38071053129497
1757,Rio Alagado,4,0.102335398198139
1758,Rio São Bartolomeu,4,0.0401605747713691
1759,sem nome,4,0.157277136888178
1760,Rio Descoberto,4,0.269749100247255
1761,sem nome,4,0.0427346298269892
1762,Rio Moji-Guaçu,5,0.11936517345716
1763,Rio Sapucaí-mirim,6,0.164164184796295
1764,Rio Moji-Guaçu,5,0.101823936660742
1765,Rio Moji-Guaçu,5,0.0726025885271546
1766,Rio Sapucaí,6,0.0628161251332133
1767,Rio Moji-Guaçu,5,0.163287678388848
1768,Rio Eleutério,5,0.0218942252690756
1769,Rio Eleutério,5,0.0968168424837366
1770,Rio Eleutério,5,0.0821786995593408
1771,Rio do Peixe,5,0.0434113264584262
1772,Rio do Peixe,5,0.101356292817679
1773,Rio Aiuruoca,6,0.0792501016306406
1774,Rio Itaguari,999,0.000268335670719582
1775,Rio Carinhanha,999,0.069381495056738
1776,Rio Carinhanha,999,0.0156162379087032
1777,Rio Carinhanha,999,0.0762140365141545
1778,Rio Itaguari,999,0.0465973479788557
1779,Rio Carinhanha,999,0.0619626417601435
1780,Rio Carinhanha,999,0.0101012440982313
1781,Rio Itaguari,999,0.0510461201348078
1782,Rio Carinhanha,999,0.0561245895335501
1783,Rio Itaguari,999,0.0702966707523169
1784,Rio Carinhanha,999,0.0456359943464282
1785,Rio Carinhanha,999,0.00704645898398591
1786,Rio Itaguari,999,0.0077942392003301
1787,Rio Itaguari,999,0.0339256744133445
1788,Rio Poti,2,0.110456531770295
1789,Rio Poti,2,0.0246423423858566
1790,Rio Moxotó,999,0.0982238427486129
1791,Rio Moxotó,999,0.0345475118953809
1792,Rio Moxotó,999,0.00751696441336203
1793,Rio Moxotó,999,0.0168127845488662
1794,Rio Moxotó,999,0.0324694385699705
1795,Rio Moxotó,999,0.220232995627109
1796,Rio Moxotó,999,0.0458004896479066
1797,Rio Moxotó,999,0.0468833158001447
1798,Rio Moxotó,999,0.0564879231130487
1799,Rio Moxotó,999,0.0627747106302972
1800,Rio Moxotó,999,0.0729243481530495
1801,Rio Palmital,4,0.13150161547921
1802,Rio Samambaia,4,0.183858926473224
1803,sem nome,4,0.0499134434858003
1804,sem nome,4,0.0294723291089343
1805,sem nome,4,0.00623772040938214
1806,sem nome,4,0.0123179475177588
1807,Rio Samambaia,4,0.0829052387715013
1808,sem nome,4,0.0774668999364782
1809,Rio Samambaia,4,0.0555110256097915
1810,Rio Samambaia,4,0.0586846147682007
1811,sem nome,4,0.0440765282115029
1812,Rio São Marcos,4,0.0183992131808686
1813,Rio Piracuruca,4,0.0320208668946879
1814,Rio Catarina,3,0.168904088200297
1815,sem nome,1,0.136858862000777
1816,Rio Catarina,4,0.0219601006486136
1817,Rio Catarina,4,0.0201601438922213
1818,Rio Piracuruca,4,0.133892350065654
1819,sem nome,1,0.167090757536331
1820,Rio Catarina,4,0.0750938437738613
1821,Rio Catarina,4,0.088088303325095
1822,Rio Javaés,4,0.356716696772639
1823,Rio Paranã,4,0.0364026344654852
1824,Rio Paranã,4,0.193251664775439
1825,Rio Paranã,4,0.0513038903013979
1826,Rio Paranã,4,0.0186080779503226
1827,Rio Paranã,4,0.0494344926268634
1828,Rio Paranã,4,0.129515150835957
1829,Rio Paranã,4,0.145101037338201
1830,Rio Paranã,4,0.039935818535383
1831,Rio Paranã,4,0.0687328574943798
1832,Rio Paranã,4,0.0653368871803463
1833,Rio Paranã,4,0.0845451309183077
1834,Rio São Bartolomeu,4,0.0652676089264386
1835,Rio Descoberto,4,0.196668900222404
1836,Rio São Bartolomeu,4,0.0127830248031559
1837,Rio Descoberto,4,0.0342068576239906
1838,Rio São Bartolomeu,4,0.0400162869664265
1839,Rio Descoberto,4,0.0217666008774894
1840,Rio São Bartolomeu,4,0.0260720125328354
1841,sem nome,4,0.145116333392243
1842,Rio Descoberto,4,0.0770014542174321
1843,sem nome,4,0.0868942365608106
1844,Rio São Bartolomeu,4,0.135864454157429
1845,Ribeirão Mesquita,4,0.0693074901107916
1846,sem nome,4,0.0656936717607529
1847,Rio Sapucaí,6,0.157744947750574
1848,Rio Moji-Guaçu,5,0.341512839514191
1849,Rio Aiuruoca,6,0.150431042508552
1850,Rio Sapucaí-mirim,6,0.0685724260077262
1851,Rio Moji-Guaçu,5,0.00754905268532922
1852,Rio Aiuruoca,6,0.0099679064605193
1853,Rio Sapucaí,6,0.0590718592568185
1854,Rio Moji-Guaçu,5,0.0510425158093849
1855,Rio Moji-Guaçu,5,0.158351328262235
1856,sem nome,5,0.181748189706684
1857,Rio Moji-Guaçu,5,0.106751527816665
1858,Rio Moji-Guaçu,5,0.0100280389399153
1859,Rio Itaguari,999,0.0741118992890685
1860,Rio Itaguari,999,0.0510596765599225
1861,Rio Itaguari,999,0.0302716311399953
1862,Rio Itaguari,999,0.0510130895773945
1863,Rio Itaguari,999,0.00543055532373192
1864,Rio Itaguari,999,0.0318322620049702
1865,Rio Itaguari,999,0.000262806494421121
1866,Rio Itaguari,999,0.0838839982058829
1867,Rio Itaguari,999,0.0929019594296178
1868,Rio Carinhanha,999,0.0339520835521909
1869,Rio Itaguari,999,0.1280674514359
1870,Rio Carinhanha,999,0.0620034204024219
1871,Rio Itaguari,999,0.101546091038089
1872,Rio Piracuruca,4,0.109765603384266
1873,Rio Catarina,4,0.0976033320457053
1874,sem nome,5,0.160439645915915
1875,Rio Catarina,4,0.101883572098157
1876,sem nome,3,0.118618699886161
1877,Rio Piracuruca,4,0.194323351243175
1878,Rio Piracuruca,4,0.026061170185511
1879,sem nome,3,0.260183549853068
1880,Rio do Pejuaba,1,0.29778784741887
1881,Rio Arabé,1,0.298017776728663
1882,Rio do Pejuaba,4,0.145060809497059
1883,Rio Descoberto,4,0.0786408634628052
1884,sem nome,4,0.115723976472368
1885,Rio Alagado,4,0.199206973330791
1886,Rio São Bartolomeu,4,0.0614369954553984
1887,Ribeirão Santana,4,0.201752640736847
1888,Rio São Bartolomeu,4,0.00314704924472838
1889,sem nome,4,0.0839477472110771
1890,Rio Verde Grande,4,0.125426821868813
1891,Rio Verde Grande,4,0.0216372416586064
1892,Rio Verde Pequeno,2,0.179093511355848
1893,Rio Itaguari,999,0.0699066538039929
1894,sem nome,999,0.0504747897003161
1895,Rio Verde Pequeno,2,0.0509203562312861
1896,Rio Verde Pequeno,2,0.0411549467422228
1897,Rio Verde Pequeno,2,0.118451091402013
1898,Rio Itaguari,999,0.0383865963881648
1899,Rio Carinhanha,999,0.117591961630623
1900,Rio Carinhanha,999,0.0163032320005751
1901,Riacho Coité,999,0.0257476519032677
1902,Riacho Coité,999,0.126769974963105
1903,Rio Moxotó,999,0.0700969357326906
1904,Rio Ipanema,999,0.0915601744553232
1905,sem nome,999,0.218269083154354
1906,sem nome,999,0.0829683985763579
1907,Rio Moxotó,999,0.112040377721751
1908,Rio Moxotó,999,0.00757004543176539
1909,Rio Garanuzinho,999,0.112738583936482
1910,sem nome,999,0.0527844764114313
1911,Rio Canapi,999,0.0702272898296098
1912,Rio Garanuzinho,999,0.0764948436434237
1913,sem nome,5,0.191209940281068
1914,sem nome,5,0.117046155195898
1915,sem nome,5,0.0237448019686438
1916,sem nome,5,0.0832453720281891
1917,sem nome,5,0.0288561935244769
1918,Rio Pardo,5,0.177784364723638
1919,sem nome,5,0.0915153072510626
1920,Córrego das Areias,5,0.151859363495291
1921,Rio Pardo,5,0.128360965436743
1922,Rio Pardo,5,0.00859327314758358
1923,Córrego das Areias,5,0.0407440716245848
1924,Córrego das Areias,5,0.0332910083553454
1925,Rio Canoas,5,0.0437178723103891
1926,Rio Camanducaia ou da Guardinh,5,0.0617733341336403
1927,Rio Camanducaia ou da Guardinh,5,0.0931087989669144
1928,sem nome,5,0.0712456538054078
1929,Rio Atibaia,1,0.0775559135933091
1930,Rio Jaguari,1,0.207128502421183
1931,Rio Sapucaí-mirim,6,0.0667267755104048
1932,sem nome,6,0.140851608600443
1933,Rio Paranapanema,5,0.0134572275316814
1934,Rio Sapucaí,6,0.399601317168426
1935,Rio Camanducaia,5,0.365150468121784
1936,Rio Paranapanema,5,0.0985570759565253
1937,Rio Verde Pequeno,2,0.0137613015849548
1938,Rio Verde Pequeno,2,0.0338696488089943
1939,Rio Verde Grande,4,0.068566739053237
1940,Rio Carinhanha,999,0.0385750923937904
1941,Rio Carinhanha,999,0.0637618673609637
1942,Rio São Bartolomeu,4,0.280261182246708
1943,Rio São Marcos,4,0.0506414307452152
1944,sem nome,5,0.079994723532595
1945,sem nome,5,0.125005414282125
1946,Rio Sapucaí,6,0.103309807955782
1947,sem nome,5,0.154188603044642
1948,Rio Sapucaí-mirim,6,0.184141587566986
1949,Rio Aiuruoca,6,0.0902407897818106
1950,Rio Sapucaí,6,0.104482882513304
1951,Rio do Peixe,5,0.15057693881308
1952,Rio das Antas,5,0.178233577502541
1953,sem nome,5,0.154791512106028
1954,Rio do Peixe,5,0.0147423703343625
1955,Rio Itaguari,999,0.0360613358409262
1956,Rio Itaguari,999,0.0156447215623333
1957,Rio Carinhanha,999,0.109183345046204
1958,Rio Itaguari,999,0.062169553941887
1959,Rio Carinhanha,999,0.0506505969126951
1960,Rio Itaguari,999,0.0573936360491811
1961,Rio Itaguari,999,0.0148739431321361
1962,Rio Carinhanha,999,0.0968883338932243
1963,Rio Carinhanha,999,0.0168163102129223
1964,Rio Itaguari,999,0.0507461936732282
1965,Rio Carinhanha,999,0.00384902354215706
1966,Rio Itaguari,999,0.00596208301016611
1967,Rio Carinhanha,999,0.0298544110977863
1968,Rio Itaguari,999,0.034912869274426
1969,Rio Moxotó,999,0.0304122245405132
1970,Rio Moxotó,999,0.0111550201223534
1971,Rio Moxotó,999,0.0101353131205261
1972,Rio Moxotó,999,0.0195348174735602
1973,Rio Moxotó,999,0.0151990018327976
1974,Rio Moxotó,999,0.0269830772224178
1975,Rio Ipanema,999,0.0445594625776284
1976,Rio Ipanema,999,0.0221308551739141
1977,Rio Ipanema,999,0.146418672832183
1978,Rio Moxotó,999,0.0596951147444753
1979,Rio Ipanema,999,0.0516416813565476
1980,Rio Ipanema,999,0.0144442181693196
1981,Rio Moxotó,999,0.0205898890074461
1982,Rio Moxotó,999,0.00853025802008704
1983,Rio São Bartolomeu,4,0.0301623421399174
1984,Rio São Bartolomeu,4,0.0123972506219361
1985,Rio São Marcos,4,0.0960502852251436
1986,Rio São Marcos,4,0.0307668140110264
1987,Rio São Marcos,4,0.0345882883090699
1988,Rio São Bartolomeu,4,0.0452369717002157
1989,Rio São Bartolomeu,4,0.0904595773873121
1990,Rio São Marcos,4,0.175472157305035
1991,Rio São Bartolomeu,4,0.0515139463476401
1992,Rio São Marcos,4,0.0223875911730833
1993,Rio São Bartolomeu,4,0.0709151563496009
1994,Rio São Marcos,4,0.0740337836170454
1995,Rio São Marcos,4,0.0873241967903362
1996,Rio Sapucaí-mirim,6,0.060882728674179
1997,sem nome,5,0.140357120260509
1998,Rio Sapucaí,6,0.120724514426407
1999,Rio do Peixe,5,0.0846881409791326
2000,Rio das Antas,5,0.191601398154708
2001,sem nome,5,0.1114113278536
2002,Rio do Peixe,5,0.059131268940092
2003,Rio do Peixe,5,0.00467208783053147
2004,Rio do Peixe,5,0.0150594374174131
2005,Rio das Antas,5,0.025639855294855
2006,Rio Sapucaí,6,0.0407802186790982
2007,Rio do Peixe,5,0.0223536690892451
2008,Rio do Peixe,5,0.0144518707464094
2009,Rio Carinhanha,999,0.043379513141227
2010,Rio Itaguari,999,0.06738126839713
2011,Rio Itaguari,999,0.063847359542558
2012,Rio Carinhanha,999,0.147172086599571
2013,Rio Carinhanha,999,0.0165052348076591
2014,Rio Verde Grande,4,0.143638901248883
2015,Rio Itaguari,999,0.0834197110014423
2016,Rio Itaguari,999,0.00285996953990274
2017,Rio Verde Grande,4,0.012542822128609
2018,Rio Carinhanha,999,0.0578100231589641
2019,Rio Carinhanha,999,0.152747520493884
2020,Rio Carinhanha,999,0.0242563836755071
2021,Rio Verde Grande,4,0.111309429826371
2022,Rio Ipanema,999,0.0519975934766357
2023,Rio Ipanema,999,0.0297925327232238
2024,Rio Moxotó,999,0.133657937503091
2025,Rio Moxotó,999,0.015433391673761
2026,Rio Moxotó,999,0.0124967871302862
2027,Rio Ipanema,999,0.104840670183408
2028,Rio Moxotó,999,0.0463133010800473
2029,Rio Ipanema,999,0.0388751250838762
2030,Rio Moxotó,999,0.00933078067475851
2031,Rio Moxotó,999,0.0269334626003476
2032,Rio Ipanema,999,0.0843625135487242
2033,Rio Moxotó,999,0.0608467221032643
2034,Rio Ipanema,999,0.0475885607334657
2035,Rio São Marcos,4,0.0452064668918547
2036,Rio São Marcos,4,0.0410333278993023
2037,Rio São Marcos,4,0.101874839557382
2038,Rio São Marcos,4,0.0393403433607699
2039,Rio São Marcos,4,0.00296211445526654
2040,Rio São Marcos,4,0.0510922057667992
2041,Rio São Marcos,4,0.0272124162691379
2042,Rio São Marcos,4,0.151873908741517
2043,Rio São Marcos,4,0.226292129381981
2044,Rio São Marcos,4,0.0677438069574153
2045,Rio São Marcos,4,0.140635174937479
2046,Rio São Marcos,4,0.0809761904891816
2047,Ribeirão Verde,4,0.141513117004625
2048,Ribeirão do Cachoeirinha,5,0.305801056679521
2049,Rio do Peixe,5,0.13064073404838
2050,Ribeirão Fundo,5,0.117019785606374
2051,Rio Jaguari,1,0.120249391096455
2052,Rio Jaguari,1,0.0333223844057419
2053,Rio Camanducaia ou da Guardinh,5,0.0974125708018467
2054,Rio Jaguari,1,0.0613690347722181
2055,Rio Jaguari,1,0.195383067302578
2056,Ribeirão Fundo,5,0.260337852566971
2057,Rio Piracicaba,1,0.0670525932584466
2058,Rio Piracicaba,1,0.0619708727276979
2059,Rio Itaguari,999,0.0604077390951634
2060,Rio Verde Grande,4,0.0087749264021457
2061,Rio Verde Grande,4,0.0262252252200941
2062,Rio Verde Pequeno,2,0.125378420847598
2063,Rio Verde Pequeno,2,0.0835957508785362
2064,Rio Itaguari,999,0.038182832758184
2065,Rio Carinhanha,999,0.0596338365276063
2066,Rio Verde Grande,4,0.0231268407155432
2067,Rio Verde Grande,4,0.0547729331611692
2068,Rio Verde Pequeno,2,0.0643836653666796
2069,Rio Verde Pequeno,2,0.0778868430844766
2070,Rio Verde Pequeno,2,0.0218746136210951
2071,Rio Itaguari,999,0.0526294738139846
2072,Rio Moxotó,999,0.0333807514108943
2073,Rio Ipanema,999,0.0539171398855339
2074,Rio Moxotó,999,0.0837704356564073
2075,Rio Moxotó,999,0.00275190596650161
2076,Rio Ipanema,999,0.0351959966728141
2077,Riacho Coité,999,0.0595683138917528
2078,Rio Moxotó,999,0.0171838242352377
2079,Riacho Coité,999,0.151913716429473
2080,Riacho Coité,999,0.0336603561829558
2081,Rio Ipanema,999,0.0349311049211097
2082,Riacho Coité,999,0.0301388992371828
2083,Rio Moxotó,999,0.011464515272863
2084,Rio Ipanema,999,0.00669182390766236
2085,Ribeirão Verde,4,0.0266896269844724
2086,Ribeirão Verde,4,0.0694300611286232
2087,Ribeirão Verde,4,0.0676057222305827
2088,Ribeirão Verde,4,0.0193713862269604
2089,Ribeirão Verde,4,0.0552067326540593
2090,Ribeirão Verde,4,0.0614410795824514
2091,Ribeirão Verde,4,0.0208273790787114
2092,Ribeirão Verde,4,0.0536489993288142
2093,Ribeirão Verde,4,0.0850786313233813
2094,Ribeirão Verde,4,0.0492285055299513
2095,Rio Pardo,5,0.183757762459204
2096,Rio Pardo,5,0.00833352598915081
2097,Rio Pardo,5,0.0337395977494656
2098,Rio Piracicaba,1,0.0477400780706305
2099,Rio Camanducaia ou da Guardinh,5,0.143235392112795
2100,Rio Camanducaia ou da Guardinh,1,0.0348525821017867
2101,Rio Piracicaba,1,0.0383532643953103
2102,Rio Piracicaba,1,0.0280309221898622
2103,Rio Camanducaia ou da Guardinh,1,0.176000791530203
2104,Rio Sapucaí-mirim,6,0.237842216371378
2105,Rio Camanducaia ou da Guardinh,5,0.352451068553446
2106,Rio Atibaia,1,0.10667691120141
2107,Rio Atibaia,1,0.220453110960171
2108,Rio Verde Pequeno,2,0.0742711279274677
2109,Rio Carinhanha,999,0.0932606501936802
2110,Rio Paranapanema,5,0.0820470457480936
2111,Rio Paranapanema,5,0.0320492006969294
2112,Rio Paranapanema,5,0.191884707250322
2113,Rio Jaguari,5,0.163475960031187
2114,Rio Paranapanema,5,0.0909428427832428
2115,Rio Paranapanema,5,0.0432827430757802
2116,Rio Camanducaia,5,0.0288228596849849
2117,Rio Atibaia,1,0.050327691795753
2118,Rio Jaguari,5,0.0677138399113192
2119,sem nome,4,0.158346476236893
2120,Rio Jaguari,5,0.0438730034434123
2121,Rio Jaguari,5,0.12990398860275
2122,Rio Verde Pequeno,2,0.00490140991871206
2123,Rio Verde Pequeno,2,0.136739084553712
2124,Rio Carinhanha,999,0.0325457382119413
2125,Rio Carinhanha,999,0.000163097625382219
2126,Rio Carinhanha,999,0.00580021307187456
2127,Rio Verde Pequeno,2,0.0267973712091952
2128,sem nome,4,0.0468630751497504
2129,Rio Carinhanha,999,0.0917068974497309
2130,Rio Carinhanha,999,0.0517776435553277
2131,Rio Verde Pequeno,2,0.0366440483192578
2132,Rio Verde Pequeno,2,0.0205761002847493
2133,Rio Verde Pequeno,2,0.0456931077716679
2134,Rio Carinhanha,999,0.129544689529112
2135,sem nome,4,0.0671664201563442
2136,Rio Ipanema,999,0.0319902883712463
2137,Riacho Salobro,999,0.197056378749738
2138,Riacho do Mel,999,0.0718154040439592
2139,Rio Canapi,999,0.229246435383553
2140,Rio Ipanema,999,0.039478139691515
2141,Rio Dois Riachos,999,0.0569480471701258
2142,Rio Traipu,999,0.11644776154712
2143,Rio Dois Riachos,999,0.102624394958079
2144,Rio Ipanema,999,0.0592494175766409
2145,Rio Traipu,999,0.0642874927425003
2146,sem nome,999,0.123853773521599
2147,Rio Ribeira do Capiá,999,0.136128621609657
2148,Rio Pardo,5,0.180157185504164
2149,Rio Pardo,5,0.147668777243132
2150,Rio Pardo,5,0.0620564394177629
2151,Rio Pardo,5,0.100417843349912
2152,Rio Pardo,5,0.0410334969511825
2153,Rio Pardo,5,0.0649279682383407
2154,Rio Sapucaí,6,0.128794636783683
2155,Rio Aiuruoca,6,0.103609775595851
2156,Ribeirão Bom Jesus,5,0.154342650497051
2157,Rio Pardo,5,0.163290785847516
2158,Rio Pardo,5,0.0424554227307979
2159,Rio Sapucaí,6,0.098763506330881
2160,Rio Atibaia,1,0.0519837127501643
2161,Rio Jaguari,5,0.0724218783823474
2162,Rio Paranapanema,5,0.141946766791825
2163,Rio Jaguari,5,0.0858148172337617
2164,Rio Paranapanema,5,0.0438935991749127
2165,Rio Jaguari,5,0.192391837180542
2166,Rio Jaguari,5,0.0505530665083363
2167,Rio Atibaia,5,0.17699597536832
2168,Rio Atibaia,5,0.0179300154667167
2169,Ribeirão do Cancã,5,0.149759401942705
2170,Rio Atibaia,5,0.0340995153951538
2171,Rio Atibaia,5,0.0501980130253039
2172,sem nome,4,0.00433293316836226
2173,Rio Carinhanha,999,0.0743620807316095
2174,sem nome,4,0.0279076845344343
2175,Corrego Lorena,999,0.0459730552715692
2176,sem nome,4,0.157105540434791
2177,Rio Verde Grande,4,0.990213289239041
2178,sem nome,3,0.0286692498977704
2179,sem nome,5,0.150838906062117
2180,Rio Verde Grande,4,0.176237691321802
2181,Rio Preto,5,0.0549738478014133
2182,Rio Traipu,999,0.0457634512073464
2183,Rio Ipanema,999,0.0934373269611263
2184,Rio Dois Riachos,999,0.130420748371482
2185,sem nome,999,0.157393921271038
2186,Rio Traipu,999,0.047537582608553
2187,Rio Salgado,999,0.212622940107583
2188,Rio Ipanema,999,0.0487271020801478
2189,Rio Ipanema,999,0.0252341203525036
2190,Rio Traipu,999,0.0514200555978554
2191,Riacho,999,0.0318617711264758
2192,Rio Traipu,999,0.0454131096726827
2193,Rio Ipanema,999,0.108699299364449
2194,Rio Sapucaí,6,0.0509518314406977
2195,Rio Sapucaí,6,0.0290611479404959
2196,Rio Aiuruoca,6,0.175367055333471
2197,Rio Aiuruoca,6,0.0122471913277299
2198,Rio Sapucaí,6,0.0396385237840989
2199,Rio Pardo,5,0.262461106171987
2200,Rio Pardo,5,0.0328790043623439
2201,Rio Lambari,2,0.14716584607487
2202,Rio Sapucaí,6,0.0303170705356297
2203,Rio Aiuruoca,6,0.0716418725086547
2204,Rio Aiuruoca,6,0.0327192784277514
2205,Rio Pardo,5,0.10422374065242
2206,Rio Atibaia,5,0.0402272419708638
2207,Rio Paranapanema,5,0.138034375575173
2208,Rio Paranapanema,5,0.0418384400544913
2209,Rio Atibaia,5,0.0762736055146892
2210,Rio Atibaia,1,0.0112297122114857
2211,Rio Paranapanema,5,0.0789602125063125
2212,Rio Carinhanha,999,0.052642144670298
2213,Rio Carinhanha,999,0.0204387847919963
2214,Rio Itaguari,999,0.0741118810951957
2215,Rio Itaguari,999,0.0961800529682463
2216,Rio Carinhanha,999,0.0717176135378895
2217,Rio Verde Pequeno,2,0.0873474894580532
2218,Rio Carinhanha,999,0.0357204247116794
2219,Rio Verde Pequeno,2,0.0533633155609433
2220,Rio Moxotó,999,0.0425053174880381
2221,Rio Ipanema,999,0.110611579494633
2222,Rio Ipanema,999,0.0131561047271578
2223,Rio Garanuzinho,999,0.0533069129437284
2224,Rio Ipanema,999,0.0432211065541018
2225,Rio Ipanema,999,0.000299307914708212
2226,Rio Canapi,999,0.147512069389234
2227,Rio Ipanema,999,0.0428408866655906
2228,Rio Garanuzinho,999,0.0689102304579582
2229,sem nome,999,0.161521849958873
2230,Riacho do Mel,999,0.114386587568448
2231,Rio Canapi,999,0.0532350662407789
2232,Rio Moxotó,999,0.177678957286637
2233,Rio Canoas,5,0.0340138342073291
2234,Rio Canoas,5,0.163603438947825
2235,Rio Pardo,5,0.0279858724400199
2236,Rio Grande,6,0.144180253324241
2237,Rio Canoas,5,0.0568809010104024
2238,Rio Grande,6,0.0451001664297654
2239,Rio Grande,6,0.00557459063328914
2240,Rio Pardo,5,0.168295312292199
2241,Rio Grande,6,0.0447752962964246
2242,Rio Canoas,5,0.0452906636433894
2243,Rio Grande,6,0.0344110677846709
2244,Rio Pardo,5,0.0984075230840388
2245,Rio Canoas,5,0.058042385664573
2246,Rio Paranapanema,5,0.0211976204604158
2247,Rio Atibaia,1,0.0750333225812112
2248,Rio Paranapanema,5,0.0554671052901082
2249,Rio Sapucaí-mirim,6,0.0402747069073686
2250,Rio Paranapanema,5,0.0393770640101825
2251,Rio Paranapanema,5,0.138271793330672
2252,Rio Sapucaí-mirim,6,0.010125394627642
2253,Rio Paranapanema,5,0.0369222834268376
2254,Rio Sapucaí-mirim,4,0.166336199587826
2255,Rio Paranapanema,5,0.0555043261438858
2256,Rio Paranapanema,5,0.058496961034565
2257,Rio Camanducaia,5,0.107010217367734
2258,Rio Paranapanema,5,0.0691840928396928
2259,Rio Carinhanha,999,0.0273198737600312
2260,Rio Verde Grande,4,0.130957088947548
2261,Rio Verde Pequeno,2,0.0600619639563652
2262,sem nome,4,0.0644366476552422
2263,Rio Verde Pequeno,2,0.0359483569448894
2264,Rio Carinhanha,999,0.106263124351834
2265,sem nome,4,0.0439226173891591
2266,Rio Verde Grande,4,0.0923223508580123
2267,sem nome,4,0.0196978218169456
2268,sem nome,4,0.018861332058694
2269,Rio Carinhanha,999,0.0425695969116959
2270,Rio Carinhanha,999,0.0087376379333185
2271,Rio Carinhanha,999,0.0584846606721325
2272,Rio Moxotó,999,0.03240004260751
2273,Rio Garanuzinho,999,0.0719649155335112
2274,Rio Moxotó,999,0.162192638584702
2275,Riacho do Mel,999,0.0983215745242264
2276,Rio Moxotó,999,0.0212493791486658
2277,Rio Ipanema,999,0.128343912770174
2278,Riacho do Mel,999,0.0622468018198599
2279,Rio Moxotó,999,0.0842465900564761
2280,Rio Garanuzinho,999,0.13186813818813
2281,Rio Moxotó,999,0.0282651581908523
2282,Rio Ipanema,999,0.0781141491954172
2283,Riacho do Mel,999,0.0582542711587133
2284,Riacho do Mel,999,0.0146596212414755
2285,Rio Pardo,5,0.0785216064723965
2286,Rio Guaxupé,5,0.390987769285137
2287,Rio Grande,6,0.0878708382526242
2288,Rio Grande,6,0.0376126764962005
2289,Rio Guaxupé,5,0.0662121802544609
2290,sem nome,5,0.125226787282053
2291,Ribeirão Bom Jesus,5,0.0870114260149816
2292,Rio Pardo,5,0.118890304669138
2293,Rio Grande,6,0.0544393952691851
2294,Ribeirão Bom Jesus,5,0.0618790000738229
2295,Rio Pardo,5,0.0431148552192762
2296,Ribeirão Bom Jesus,5,0.0915277335564361
2297,Rio Verde Grande,2,0.0235202891633934
2298,Rio Verde Grande,2,0.115442786965615
2299,Rio Verde Grande,2,0.0680776567150219
2300,Rio Verde Grande,2,0.0767801094737027
2301,Rio do Cachorro,999,0.0936939504978196
2302,Rio do Cachorro,999,0.00845223823399296
2303,Rio Capivara,999,0.18040660799083
2304,Rio Capivara,999,0.119057619584388
2305,Rio Traipu,999,0.134701268549292
2306,Rio do Cachorro,999,0.142343084209537
2307,Rio do Cachorro,999,0.0383407472966242
2308,Rio Capivara,999,0.0318693178993489
2309,Rio Capivara,999,0.031798397796231
2310,Rio Capivara,999,0.21332985618276
2311,Rio Itaguari,999,0.0345222250775749
2312,Rio Jaguari-mirim,1,0.0039696692248266
2313,Rio Jaguari-mirim,1,0.0129632020184747
2314,Rio Jaguari-mirim,5,0.0481411326642176
2315,Rio Sapucaí,6,0.107896007536898
2316,Rio Jaguari-mirim,5,0.0728047854841831
2317,sem nome,5,0.0262582559050332
2318,sem nome,5,0.151008016402312
2319,Rio Aiuruoca,6,0.205380946208873
2320,Rio Sapucaí,6,0.053155252817
2321,Rio Sapucaí,6,0.0121417032545586
2322,Rio Sapucaí,6,0.0912542598468552
2323,sem nome,5,0.15786675415558
2324,Rio Piranji,4,0.110815246993178
2325,Rio Piranji,4,0.0949200117663896
2326,Rio Piranji,4,0.149074874037302
2327,Rio Jacaraí,4,0.00478576844040226
2328,Rio Gameleira,4,0.177405472329021
2329,Rio Jacaraí,4,0.0190038928371433
2330,Rio Gameleira,3,0.193728770822081
2331,Rio Jacaraí,4,0.0345808928264447
2332,Rio Jacaraí,4,0.105465769152461
2333,Rio Jacaraí,4,0.0562123028199689
2334,Rio Jacaraí,4,0.0747004420702294
2335,Rio Jacaraí,2,0.0949540538890612
2336,Rio Jacaraí,2,0.0176795257325454
2337,Rio Paranapanema,5,0.0380553284756295
2338,Rio Paranapanema,5,0.325494562194526
2339,Rio Paranapanema,5,0.0640746818160215
2340,Rio Paranapanema,5,0.0248633388493727
2341,Rio da Cachoeira,1,0.290896198812279
2342,sem nome,3,0.0262753045675937
2343,sem nome,3,0.137041247585742
2344,Rio Verde Grande,4,0.0504380305179306
2345,Rio Urucuia,4,0.0833386947664224
2346,Rio Preto,1,0.0536327700067157
2347,Rio Preto,1,0.00719582155573748
2348,Rio Verde Grande,4,0.17091836017204
2349,Rio Bezerra,6,0.36748900046161
2350,Rio Verde Grande,4,0.133401539095869
2351,Rio Verde Grande,4,0.0111106706197486
2352,Rio Bezerra,6,0.0891090466061401
2353,Rio Preto,1,0.16951194145557
2354,Rio Ribeira do Capiá,999,0.174855084596048
2355,Riacho,999,0.162163484389027
2356,Rio Traipu,999,0.0699286871798249
2357,Rio Dois Riachos,999,0.181454814410817
2358,Rio Ipanema,999,0.0539914094021009
2359,Rio Ribeira do Capiá,999,0.0417482355025306
2360,Riacho Pedra de Amolar,999,0.0466450710110228
2361,Baixa da Jurumeira,999,0.0883410859913826
2362,Rio Curituba,999,0.0499530597433013
2363,Riacho,999,0.0619210981039969
2364,Riacho,999,0.0371056667453361
2365,Rio Curituba,999,0.156673741821663
2366,Rio Ipanema,999,0.0449134764733694
2367,Ribeirão das Antas,6,0.12625042062772
2368,Rio Sapucaí,6,0.126636546027827
2369,Rio Aiuruoca,6,0.160489963085214
2370,Rio Pardo,5,0.0580126819943002
2371,Rio Sapucaí,6,0.0320439182718536
2372,Rio Pardo,5,0.0304783159147187
2373,Rio Sapucaí,6,0.0365693174887894
2374,Rio Capivari,5,0.0291952933848917
2375,Rio Capivari,5,0.0926297198404102
2376,Rio Moji-Guaçu,5,0.144255955133394
2377,Rio Jaguari-mirim,5,0.187508031916805
2378,Rio Jaguari-mirim,3,0.05618499750052
2379,Rio Paranapanema,5,0.190393950688865
2380,Rio da Cachoeira,1,0.062543753830968
2381,Rio Atibaia,1,0.121039002681828
2382,Rio Atibaia,1,0.0411456161718017
2383,Rio Paranapanema,5,0.0437785032434208
2384,Rio Atibaia,1,0.0144650382790049
2385,Rio Atibaia,1,0.0121253612905647
2386,Rio da Cachoeira,1,0.0198717328400955
2387,Rio Atibaia,1,0.0555028976911741
2388,Rio Paranapanema,5,0.114184080550113
2389,Rio Paranapanema,5,0.0591898836059074
2390,Rio Paranapanema,5,0.0334632267242878
2391,Rio Bezerra,6,0.0184758468060814
2392,Rio Verde Grande,4,0.116740036634202
2393,Rio Bezerra,6,0.0607055825693582
2394,Rio Preto,1,0.0738299985985865
2395,Rio Bezerra,6,0.0412148485153419
2396,sem nome,6,0.0441485016738598
2397,Rio Preto,1,0.0615222576006063
2398,Rio Verde Grande,4,0.0897134200686375
2399,sem nome,6,0.153924636757546
2400,Rio Bezerra,6,0.110035596129329
2401,Rio Bezerra,6,0.0840050868986119
2402,Rio Bezerra,6,0.0292766784010645
2403,Rio Traipu,999,0.0654642697444931
2404,Baixa da Jurumeira,999,0.273183163364263
2405,Rio Curituba,999,0.061112721225794
2406,Rio Ipanema,999,0.0271237779116627
2407,Rio Traipu,999,0.0503112568935669
2408,Rio Ribeira do Capiá,999,0.0826542493788047
2409,Rio Traipu,999,0.0715995468895991
2410,Rio Traipu,999,0.0481775182696135
2411,Rio Ipanema,999,0.0533842624994971
2412,Riacho do Minuim,999,0.0671044041007577
2413,Rio Ipanema,999,0.054505951002285
2414,Rio Traipu,999,0.0718372127189888
2415,Rio Traipu,999,0.00665572653980144
2416,Rio Moji-Guaçu,5,0.0112724302394762
2417,Rio Sapucaí,6,0.169583886402253
2418,Rio Jaguari-mirim,3,0.140232087760752
2419,Ribeirão das Antas,6,0.167701336737271
2420,Rio Jaguari-mirim,3,0.179447988996211
2421,Rio Sapucaí,6,0.034388125021537
2422,Rio Jaguari-mirim,3,0.0602631433078313
2423,Rio Moji-Guaçu,5,0.0514333018368714
2424,Rio Jaguari-mirim,3,0.130822112137884
2425,Rio Capivari,5,0.141014320394644
2426,Rio Aiuruoca,6,0.261082865632315
2427,Rio Paranapanema,5,0.0375325221758991
2428,Rio Paranapanema,5,0.0826612423665275
2429,Rio Itararé,5,0.307251669152495
2430,Rio Itararé,5,0.0990103511573145
2431,Rio Itararé,5,0.0244172470509816
2432,Rio Itararé,5,0.132038604825405
2433,Rio Itararé,5,0.103887613453483
2434,Rio Itararé,5,0.019179468771413
2435,Rio Itararé,5,0.0197433081184672
2436,Rio Itararé,5,0.0594784118105905
2437,Rio Itararé,5,0.082537849427594
2438,Rio Itararé,5,0.0811438847846349
2439,Rio Itararé,5,0.126605186778672
2440,Rio Verde Grande,4,0.14273951877741
2441,Rio Bezerra,6,0.0268811804836825
2442,Rio Preto,5,0.107665758904416
2443,Rio Preto,5,0.00973059401979431
2444,Ribeirão São Bernardo,5,0.246947601240186
2445,Rio Preto,5,0.0925723629786941
2446,Rio Verde Grande,4,0.198274628483811
2447,Rio Verde Grande,4,0.0819961910787011
2448,Rio Verde Grande,4,0.0414205023011315
2449,Rio Verde Grande,4,0.103233450501016
2450,Rio Verde Grande,4,0.0205143614035727
2451,Rio Verde Grande,2,0.0496539558154214
2452,Rio Verde Grande,2,0.0116121059848388
2453,Rio Traipu,999,0.0313874709022977
2454,Rio Traipu,999,0.0208460823496123
2455,Rio Traipu,999,0.0308758942401883
2456,Rio Traipu,999,0.00707225932800184
2457,Rio Traipu,999,0.0282468020747343
2458,Riacho do Minuim,999,0.223311151184777
2459,Rio Ipanema,999,0.226103064937615
2460,Rio Ipanema,999,0.00677475935971702
2461,Rio Traipu,999,0.130002380128039
2462,Rio do Cachorro,999,0.0506197290749477
2463,Rio do Cachorro,999,0.0469174266526592
2464,Rio do Cachorro,999,0.106439710108189
2465,Rio Sapucaí,6,0.0498678544044907
2466,Rio Jaguari-mirim,5,0.117297076312356
2467,Rio Moji-Guaçu,5,0.0583674118812813
2468,Ribeirão das Antas,6,0.0845789474671604
2469,Rio Sapucaí,6,0.0573901345470143
2470,sem nome,3,0.099213261497735
2471,Rio Jaguari-mirim,5,0.0541580654962653
2472,Rio Moji-Guaçu,5,0.0413998293935005
2473,Rio Jaguari-mirim,5,0.0257155859364178
2474,Rio Jaguari-mirim,5,0.0386422775045677
2475,Rio Jaguari-mirim,5,0.0379340332340399
2476,Rio Jaguari-mirim,1,0.203835820459569
2477,sem nome,5,0.166511700961846
2478,Rio Itararé,5,0.0335240381082668
2479,Rio Itararé,5,0.170193968663864
2480,Rio Piranji,4,0.0828516352386462
2481,Rio Piranji,4,0.0951333445510229
2482,Rio Piranji,4,0.0136445562934151
2483,Rio Piranji,4,0.144969289883962
2484,Rio Piranji,4,0.00495029233074039
2485,Rio Piranji,4,0.102984096334567
2486,Rio Piranji,4,0.0293361472870361
2487,Rio Piranji,4,0.0210475216688819
2488,Rio Piranji,2,0.192143915982529
2489,Rio Piranji,4,0.0463096730022653
2490,Rio Verde Grande,2,0.0430300310331958
2491,Rio Verde Grande,2,0.0349717870952754
2492,Rio Verde Grande,2,0.110944983137418
2493,Rio Verde Grande,2,0.00389776437142271
2494,Rio Verde Grande,2,0.0230863500468075
2495,Rio Verde Grande,2,0.0827303629000032
2496,Rio Verde Grande,2,0.0663135505660615
2497,Rio Verde Grande,2,0.0490736376881085
2498,Rio Verde Grande,2,0.015155149496959
